company_name,homepage_url,main_domain
Experifun,http://experifun.com,experifun
LoopPay,http://www.looppay.com,looppay
Quisk,http://quisk.co,quisk
Todaytickets,http://www.todaytickets.de,todaytickets
Fooboo,http://www.fooboo.de,fooboo
Get Me Listed,http://www.getmelisted.net,getmelisted
Nerdies,http://www.nerdies.me,nerdies
Micron Technology,http://www.micron.com,micron
hotelsmap.com,http://www.hotelsmap.com,hotelsmap
Zidisha,http://www.zidisha.org,zidisha
Musiwave,http://www.musiwave.com,musiwave
2Duche,http://www.2duche.com,2duche
ShadesCases inc.,http://www.shadescases.com,shadescases
HTG Molecular Diagnostics,http://www.htgmolecular.com,htgmolecular
UpTo,http://upto.com,upto
TonZof,http://tonzof.com,tonzof
Go Kin Packs,http://www.gokinpacks.com,gokinpacks
B-Side Entertainment,http://www.bside.com,bside
Invivodata,https://www.invivodata.com,invivodata
sim4tec,http://www.sim4tec.com,sim4tec
EcoIntense,http://www.ecointense.de,ecointense
YOYO Holdings,http://yoyo-holdings.com,yoyo-holdings
e-SENS,http://e-sens.com,e-sens
1Life Healthcare,http://www.1life.com,1life
"CUI Global, Inc.",http://cuiglobal.com,cuiglobal
FastPay,http://www.gofastpay.com,gofastpay
Mango Bay Vacation Rentals,http://www.mangobayvacation.com,mangobayvacation
Current Communications Group,http://www.currentgroup.com,currentgroup
Verimatrix,http://verimatrix.com,verimatrix
Offbeat Guides,http://www.offbeatguides.com,offbeatguides
Asuragen,http://www.asuragen.com,asuragen
Linea,http://getlinea.com,getlinea
Enroute Systems,http://www.enroutecorp.com,enroutecorp
Chaperone Technologies,http://www.chaperonetechnologies.com,chaperonetechnologies
Across The Universe,https://www.acrosstheuniverse.com,acrosstheuniverse
Otelic,http://www.otelic.com,otelic
Scimetrika,http://scimetrika.com,scimetrika
TopCat Research,http://www.topcat-research.com,topcat-research
BoardEvals,http://www.boardevals.com,boardevals
AntCor,http://web.antcor.com,web
Jugo,http://www.playjugo.com,playjugo
LAM Aviation,http://lamaviation.com,lamaviation
Accedian Networks,http://www.accedian.com,accedian
CREATIV,http://www.creativ.com,creativ
Takeda Cambridge,http://www.takedacam.com,takedacam
Elance-oDesk,http://www.elance-odesk.com,elance-odesk
Linktone,http://www.linktone.com,linktone
OneSchool,http://oneschool.com,oneschool
Hear It First,https://www.hearitfirst.com,hearitfirst
Kik,http://kik.com,kik
Planday,http://www.planday.com,planday
Snow & Alps,http://snowbon.com,snowbon
FINXI,http://finxi.com.br,finxi
Celldex Therapeutics,http://celldex.com,celldex
Hollywood Vision Center,http://www.hollywoodvision.com/vision-therapy.html,hollywoodvision
Medical Connections,http://medicalconnections.com,medicalconnections
Nuvola,http://www.getnuvola.com,getnuvola
D.light Design,http://www.dlightdesign.com,dlightdesign
Thename.is,http://thename.is,thename
Gaston Labs,http://GastonLabs.com,gastonlabs
Orckit Communications,http://www.orckit.com,orckit
Web Design Giant Inc.,http://www.webdesigngiant.com,webdesigngiant
RelayRides,https://relayrides.com,relayrides
EG Technology,https://www.egtechnology.com,egtechnology
"Madison Reed, Inc.",http://www.madison-reed.com,madison-reed
Enliven Marketing Technologies,http://www.enliven.com,enliven
QBE,http://qbe.net,qbe
Zipline Medical,http://www.ziplinemedical.com,ziplinemedical
Novast Laboratories,https://www.novastlaboratories.com,novastlaboratories
Extreme Wireless Communication,http://www.extreme-wireless.com,extreme-wireless
ChipSensors,http://www.chipsensors.com,chipsensors
Prolify,http://www.prolify.com,prolify
Volantis Systems,http://www.volantis.com,volantis
TraveDoc,http://travedoc.com,travedoc
Winkapp,http://winkapp.co,winkapp
Best Bid,https://www.bestbid.com,bestbid
Mob Science,http://www.MobScience.com,mobscience
PowerPractical,http://www.powerpractical.com,powerpractical
Project Dance,https://www.projectdance.com,projectdance
CytoLogic,http://www.cytologic.com,cytologic
Knowthena,http://knowthena.com,knowthena
Alter-G,http://www.alter-g.com,alter-g
Avosoft,http://www.avopress.com,avopress
GET Holding NV,http://www.emerce.nl/nieuws.jsp?id=3001552,emerce
Momspot,http://www.momspot.com,momspot
Drone.io,http://drone.io,drone
Roundscapes,http://www.the42.com,the42
Amirite.com,http://www.amirite.com,amirite
Metwit,http://metwit.com,metwit
Sapheon,http://www.sapheoninc.com,sapheoninc
MeisterLabs,http://www.mindmeister.com,mindmeister
Spinifex Pharmaceuticals,http://www.spinifexpharma.com.au,spinifexpharma
EventVue,http://www.eventvue.com,eventvue
ShopSpot,http://shopspotapp.com,shopspotapp
Michigan Home Brokers,http://www.mhbrokers.org,mhbrokers
Mentor Me,http://getmentorme.com,getmentorme
Pact,http://pactcoffee.com,pactcoffee
Three Squirrels E-commerce,http://www.3songshu.com,3songshu
Harbor Wing Technologies,http://harborwingtech.com,harborwingtech
Onset Financial,http://www.onsetfinancial.com,onsetfinancial
"NephoScale, Inc.",http://www.nephoscale.com,nephoscale
G-Zero Therapeutics,https://www.gzerotherapeutics.com,gzerotherapeutics
Hyperpia,https://www.hyperpia.com,hyperpia
Exabeam,http://www.exabeam.com,exabeam
Allele Biotech,http://www.allelebiotech.com,allelebiotech
RF Biocidics,http://www.rfbiocidics.com,rfbiocidics
Toolwi,http://toolwi.com,toolwi
Scivantage,http://www.scivantage.com,scivantage
YouFetch,http://www.youfetch.co,youfetch
Saranas,http://saranas.com,saranas
Apiary,http://apiary.io,apiary
Greenville Chamber,http://greenvillechamber.org,greenvillechamber
Hubbly Bubbly,http://hubblybubbly.uk.com,hubblybubbly
Legal River,http://www.legalriver.com,legalriver
Kamida,http://kamidaconcrete.com,kamidaconcrete
PEPperPRINT,http://www.pepperprint.com,pepperprint
Gamestaq,http://gamestaq.com,gamestaq
SBS Resources,https://www.sbsresources.com,sbsresources
Velti,http://www.velti.com,velti
Cro Analytics,http://croanalytics.com,croanalytics
Klevu Oy,http://www.klevu.com,klevu
Partigi,http://www.partigi.com,partigi
Day Zero Project,http://dayzeroproject.com,dayzeroproject
Novacem,http://novacem.com,novacem
HeTexted,http://HeTexted.com,hetexted
Foodtoeat,http://www.foodtoeat.com,foodtoeat
iKaaz,http://ikaaz.com,ikaaz
Drais Pharmaceuticals,http://draispharma.com,draispharma
Oviceversa,http://www.oviceversa.es,oviceversa
Trony Solar,http://www.trony.com/en,trony
Zeto,http://www.zeto.ie/#1024,zeto
Mithridion,http://www.mithridion.com,mithridion
svh24.de,http://svh24.de,svh24
BreatheAmerica,http://www.breatheamerica.com,breatheamerica
AuthorityLabs,http://authoritylabs.com,authoritylabs
Rebellion Photonics,http://rebellionphotonics.com,rebellionphotonics
TayaSola,http://www.tayasola.com,tayasola
Hexagram 49,https://www.hexagram49.com,hexagram49
Exodus Payment Systems,http://exoduspaymentsystems.com,exoduspaymentsystems
Floobits,http://floobits.com,floobits
ShiftForward,http://www.shiftforward.eu,shiftforward
Integral Ad Science,http://www.integralads.com,integralads
iChange,http://www.ichange.com,ichange
SheFinds Media,http://www.shefinds.com,shefinds
Ombitron,http://www.ombitron.com,ombitron
Network,https://www.network.com,network
Solovis,http://solovis.com,solovis
Universal Fuels,http://universalfuels.co.uk,universalfuels
Callvine,http://www.callvine.com,callvine
s0cket,http://www.s0cket.com,s0cket
Viajala,http://viajala.com,viajala
FatSkunk,http://www.fatskunk.com,fatskunk
IP Commerce,http://www.commercesync.com,commercesync
Upplication,http://upplication.com/build-your-app,upplication
FilterSure,http://www.filtersureinc.com,filtersureinc
AngioSlide,http://www.angioslide.com,angioslide
Stormpath,http://www.stormpath.com,stormpath
BehavioSec,http://www.behaviosec.com,behaviosec
9flats,http://www.9flats.com,9flats
Whistlestop,http://www.whistlestop.com,whistlestop
Ogden Tomotherapy,https://www.ogdentomotherapy.com,ogdentomotherapy
Intellicyt,http://intellicyt.com,intellicyt
DoorDash,http://www.doordash.com,doordash
Hello Local Media ( HLM ),http://helloaround.me,helloaround
QE Ventures,http://qfdevelop.com,qfdevelop
Atonarp,http://www.atonarp.com,atonarp
iPerceptions,http://www.iperceptions.com,iperceptions
Blue Diamond Technologies,http://bluediamondtechltd.com,bluediamondtechltd
Blackwave,http://www.blackwave.tv,blackwave
Reonomy,http://www.reonomy.com,reonomy
vSocial,http://www.vsocial.com,vsocial
CasterStats,http://www.casterstats.com,casterstats
Rivalry,http://rivalry.com,rivalry
MindBodyGreen,http://www.mindbodygreen.com,mindbodygreen
Touch Payments,http://www.touchpayments.com.au,touchpayments
CradlePoint Technology,http://www.cradlepoint.com,cradlepoint
Gobooks,http://gobooks.com.br,gobooks
TunePatrol,http://tunepatrol.com,tunepatrol
Tokiva Technologies,http://www.tokiva.com,tokiva
Flash Auto Detailing,http://www.flashautodetailing.com,flashautodetailing
Analyte Health,https://www.analytehealth.com,analytehealth
Kingdom Scene Endeavors,http://www.kingdomscene.com,kingdomscene
CiteHealth,http://citehealth.com,citehealth
linkedFA,http://www.linkedfa.com,linkedfa
Get-n-Post,http://get-n-post.ru,get-n-post
JethroData,http://www.jethrodata.com,jethrodata
Hobzy,http://hobzy.com,hobzy
Ameristream,http://ameristreamlive.com,ameristreamlive
Panoratio,http://www.panoratio.com,panoratio
Opera Solutions,http://www.operasolutions.com,operasolutions
Booklr,http://www.booklr.com,booklr
"UICO, LLC",http://www.uico.com,uico
Crimson Hexagon,http://crimsonhexagon.com,crimsonhexagon
Cheers,http://chee.rs,chee
Zify,http://zify.co,zify
Sentri,http://sentri.me,sentri
LightTable,http://www.lighttable.com,lighttable
V2contact,http://www.v2contact.com,v2contact
Popularo,http://popularo.com,popularo
Tactical Awareness Beacon Systems,http://tabscorp.com,tabscorp
Applied Minerals,http://appliedminerals.com,appliedminerals
Map Decisions,http://mapdecisions.com,mapdecisions
Guardian EMS Products,http://guardianemsproducts.com,guardianemsproducts
Integrated Medical Partners,http://www.integratedmp.com,integratedmp
Cardiac Insight,https://www.cardiacinsight.com,cardiacinsight
Siteminis,http://www.siteminis.com/home.html,siteminis
Bihu.com,http://www.bihu.com,bihu
Comenta TV,http://comenta.tv,comenta
StartupBlink,http://startupblink.com,startupblink
Innovate2,https://www.innovate2.com,innovate2
JDLab,http://www.iueditor.org,iueditor
Microbial Solutions,http://www.microbialsolutions.co.uk,microbialsolutions
Mimix Broadband,http://www.mimixbroadband.com,mimixbroadband
LucidMedia,http://www.lucidmedia.com,lucidmedia
Greenlots,http://www.greenlots.com,greenlots
FANCY CELLAR - 品庄酒业,http://www.fancycellar.com,fancycellar
SimpleFi,http://simplefi.org,simplefi
Oriental-Creations,http://www.oriental-creations.com,oriental-creations
Conferize,http://www.conferize.com,conferize
AdvanDx,http://www.advandx.com,advandx
Axion BioSystems,http://axionbiosystems.com,axionbiosystems
Organovo Holdings,http://organovo.com,organovo
Xalam Investments,https://www.xalaminvestments.com,xalaminvestments
Kopo Kopo,http://www.kopokopo.com,kopokopo
Lendio,http://lendio.com,lendio
"Kibboko, Inc.",http://www.kibboko.com,kibboko
Lucibel,http://www.lucibel.com,lucibel
Prolexic Technologies,http://www.prolexic.com,prolexic
Jackson Square Group,http://jacksonsquaregroup.com,jacksonsquaregroup
Kynogon,http://www.kynogon.com,kynogon
Dee's Ventures,https://www.deesventures.com,deesventures
Trex Enterprises,http://trexenterprises.com,trexenterprises
Grand Circus,http://grandcircus.co,grandcircus
Visicon Technologies,http://www.visicontech.com,visicontech
Wit Dot Media Inc,http://taptalk.me,taptalk
Evi,http://www.evi.com,evi
Golfshop Online,http://golfshop-online.net,golfshop-online
Scripps Networks Interactive,http://www.scrippsnetworks.com,scrippsnetworks
"Nurture, Inc.",http://happyfamilybrands.com,happyfamilybrands
Nifti,http://nifti.com,nifti
LeisureLogix,http://www.roadescapes.com,roadescapes
Energy Solutions International,http://www.esilighting.com,esilighting
Up My Game,http://www.upmygame.com,upmygame
PlaySquare,http://playsquare.tv,playsquare
Envio Networks,http://www.envionetworks.com,envionetworks
Ad Hoc Labs,http://burnerapp.com,burnerapp
RehabDev,https://www.rehabdev.com,rehabdev
regrob.com,http://www.regrob.com,regrob
Planbox,http://www.planbox.com,planbox
JobApp,http://www.jobappplus.com,jobappplus
Zila Networks,http://zilanetworks.com,zilanetworks
Mirics Semiconductor,http://www.mirics.com,mirics
Bergen Medical Products,http://bergenmedicalproducts.com,bergenmedicalproducts
Hightower,http://gethightower.com,gethightower
Geosho,http://www.geosho.com,geosho
Community Infopoint,http://www.communityinfopoint.com,communityinfopoint
Synarc,http://synarc.com,synarc
TidePool,http://www.tidepool.co,tidepool
Optrace,http://optrace.ie,optrace
Masterson Industries,http://mastersonind.com,mastersonind
Twicketer,http://www.twicketer.com,twicketer
Transaq,http://transaq.ru/en,transaq
PlayerPro,http://www.getplayerpro.com,getplayerpro
I2 TELECOM INTERNATIONA,https://www.i2telecom.com,i2telecom
Caliber Infosolutions,http://www.caliberinfosolutions.com,caliberinfosolutions
Chamson Group,https://www.chamsongroup.com,chamsongroup
AlleyWatch,http://alleywatch.com,alleywatch
Mezmeriz,http://www.mezmeriz.com,mezmeriz
Consumer Agent Portal (CAP),http://iw.trustedchoice.com,iw
3Guppies,https://www.3guppies.com,3guppies
EvoApp,http://www.evoapp.com,evoapp
OGIO International,http://ogio.com,ogio
TabbedOut,http://www.tabbedout.com,tabbedout
Kato,http://kato.im,kato
Newsflare,http://www.newsflare.com,newsflare
Hot Potato,http://www.hotpotato.com,hotpotato
The Printers Inc,http://www.theprintersinc.co.uk,theprintersinc
Reputation Institute,http://www.reputationinstitute.com,reputationinstitute
Hipscan,http://www.hipscan.com,hipscan
PV Evolution Labs,https://www.pvevolutionlabs.com,pvevolutionlabs
IndianStage,http://indianstage.in,indianstage
Umthunzi,https://www.umthunzi.com,umthunzi
Pixonic,http://www.pixonic.com,pixonic
Chongqing Jielai Communication,http://www.qisoe.com/company/10821.html,qisoe
Instablogs,http://www.instablogs.com,instablogs
GridGain Systems,http://www.gridgain.com,gridgain
GamePlan Technologies,http://www.gogameplan.com,gogameplan
Seafarers CV,http://www.seafarerscv.com,seafarerscv
MOTA Motors,http://www.mota.com,mota
DiaTech Oncology,http://diatech-oncology.com,diatech-oncology
Siva Power,http://sivapower.com,sivapower
"Anchor ID, Inc.",http://AnchorID.com,anchorid
RealConnex.com,http://www.realconnex.com,realconnex
Fieldglass,http://www.fieldglass.com,fieldglass
TrueAbility,http://trueability.com,trueability
VLinks Media,http://vlinksmedia.com,vlinksmedia
Locally,http://locally.fm,locally
Tolera Therapeutics,http://www.tolera.com,tolera
Familink,http://familink.us,familink
MavenHut,http://www.mavenhut.com,mavenhut
Single Touch Systems,http://www.singletouch.net,singletouch
Silverback Systems,https://www.silverbacksystems.com,silverbacksystems
LegalSherpa,http://legal-sherpa.com,legal-sherpa
Degreed,http://degreed.com,degreed
Open Kernel Labs,http://www.ok-labs.com,ok-labs
OnlineSheetMusic,http://www.onlinesheetmusic.com,onlinesheetmusic
Pacinian,http://www.pacinian.com,pacinian
Unruly ®,http://www.unruly.co,unruly
iStyle Inc.,http://istyle.co.jp,istyle
Dapu.com,http://dapu.com,dapu
Bia,http://www.bia-sport.com,bia-sport
Adama Innovations,http://adamainnovations.com,adamainnovations
Bionomics,http://www.bionomics.com.au,bionomics
Darwin Lab,https://www.darwinlab.com,darwinlab
Semmle Capital Partners,https://www.semmlecapitalpartners.com,semmlecapitalpartners
Contactually,http://www.contactually.com,contactually
eOn Communications,http://eoncc.com,eoncc
Lecturio,http://www.lecturio.de,lecturio
EvolveMol,http://www.evolvemol.com,evolvemol
Chirply,http://www.chirply.com,chirply
Organic Motion,http://organicmotion.com,organicmotion
BIO-PATH HOLDINGS,http://www.biopathholdings.com,biopathholdings
Ella Health,http://www.ellahealth.com,ellahealth
Skyway Software,http://www.skywaysoftware.com,skywaysoftware
ESL Consulting,https://www.eslconsulting.com,eslconsulting
Accent,http://www.accent-soc.com,accent-soc
Global Data Management Software,https://www.globaldatamanagementsoftware.com,globaldatamanagementsoftware
Sequenta,http://www.sequenta.com,sequenta
Innoveer Solutions (now Cloud Sherpas),http://www.innoveer.com,innoveer
proteonomix,http://proteonomix.com,proteonomix
The Deal Fair,http://thedealfair.com,thedealfair
E.M.A.R.C.,http://www.emarc.it,emarc
Sira Group,http://www.siragroup.it,siragroup
24Fundraiser.com,http://www.24Fundraiser.com,24fundraiser
Ambassador,http://getambassador.com,getambassador
Canevaflor,http://www.canevaflor.com,canevaflor
docBeat,http://docbeat.co,docbeat
Tencho Technology,http://www.tenchotech.com,tenchotech
Appiness Inc,https://www.appiness.com,appiness
Skylight Healthcare Systems,http://www.skylight.com,skylight
Vertical Performance Partners,http://www.verticalpp.com,verticalpp
emids,http://www.emids.com,emids
Differential Dynamics,http://ddmotion.com,ddmotion
AutoVirt,http://www.autovirt.com,autovirt
Full Circle CRM,http://fullcirclecrm.com,fullcirclecrm
Grady Health System,http://www.gradyhealth.org,gradyhealth
NovaShunt,http://novashunt.ch,novashunt
AB Microfinance Bank Nigeria,http://ab-mfbnigeria.com,ab-mfbnigeria
IMVU,http://www.imvu.com,imvu
Stroz Friedberg,http://www.strozfriedberg.com,strozfriedberg
Bon-Bon Crepes of America,http://cdgonzal.wix.com/bonboncrepes,cdgonzal
Liberty Ammunition,http://libertyammunition.com,libertyammunition
BlogRadio,http://www.podblogr.com,podblogr
Anita Margarita,http://anitamargarita.com,anitamargarita
Robotronica,http://robotronicsystems.com,robotronicsystems
Mojo Labs Co.,http://www.mojolabs.ca,mojolabs
Chrono24.com,http://www.chrono24.com,chrono24
Polyplus-transfection,http://www.polyplus-transfection.com,polyplus-transfection
wpXtreme,http://wpxtre.me,wpxtre
emotion.me,http://emotion.me,emotion
MONOQI,http://monoqi.com,monoqi
shopkick,http://shopkick.com,shopkick
Dreamstreet Golf,http://www.dreamstreetgolf.com,dreamstreetgolf
THERAVECTYS,http://www.theravectys.com,theravectys
Sonendo,http://www.sonendo.com,sonendo
Pager,http://getpager.com,getpager
Votizen,http://www.votizen.com,votizen
Good Times Restaurants,http://goodtimesburgers.com,goodtimesburgers
FEMA Guides,http://femaguides.com,femaguides
Buku Sisa KIta Social Campaign,http://bukusisakita.com,bukusisakita
KnowRe,http://www.knowre.com,knowre
CipherMax,http://www.CipherMaxInc.com,ciphermaxinc
Seekly,http://seek.ly,seek
SemiNex,http://www.seminex.com,seminex
VisConPro,http://www.fotoLibra.com,fotolibra
Snocap,http://snocap.com,snocap
Igloo Vision,http://www.igloovision.com,igloovision
MobileDataforce,http://www.mobiledataforce.com,mobiledataforce
Shut Down,http://ShutDownApparel.com,shutdownapparel
Innara Health,http://www.innarahealth.com,innarahealth
Oasmia Pharmaceutical,http://www.oasmia.com,oasmia
SeniorLiving.Net,http://www.seniorliving.net,seniorliving
MemberPlanet,http://memberplanet.com,memberplanet
5to1,http://www.5to1.com,5to1
Meal Ticket,http://getmealticket.com,getmealticket
inkSIG Digital,http://www.chicago.inksig.com,chicago
Asymchem Laboratories (Tianjin),http://www.asymchem.com,asymchem
X2 Biosystems,http://x2biosystems.com,x2biosystems
ironSource,http://www.ironsrc.com,ironsrc
Manicube,http://manicube.com,manicube
VMG Media,http://vmgmedia.vn,vmgmedia
ANDalyze,http://andalyze.com,andalyze
Rollad,http://rollad.ru,rollad
PresenceLearning,http://presencelearning.com,presencelearning
SunCoast Renewable Energy,https://www.suncoastrenewableenergy.com,suncoastrenewableenergy
HealthSpring,http://www.healthspring.com,healthspring
Kaufmann Mercantile,http://kaufmann-mercantile.com,kaufmann-mercantile
BCM Solutions,http://www.bcm-solutions.co.uk,bcm-solutions
Tu Otro Super,https://www.tuotrosuper.com,tuotrosuper
AGLOGIC,http://www.aglogic.net,aglogic
Debteye,http://www.debteye.com,debteye
Phrixus Pharmaceuticals,http://phrixuspharmaceuticals.com,phrixuspharmaceuticals
Agrar33,http://www.agrar33.de,agrar33
TransLattice,http://www.TransLattice.com,translattice
Trans Tasman Resources,http://www.ttrl.co.nz,ttrl
Shipizy,http://www.shipizy.com,shipizy
LinkCloud,http://www.linkcloud.org,linkcloud
Playdemic,http://www.playdemic.com,playdemic
Sword Diagnostics,http://www.sworddiagnostics.com,sworddiagnostics
Blade Games World,http://www.jumala.com,jumala
Videonetics Technologies,http://www.videonetics.com,videonetics
Axenic Dental,https://www.axenicdental.com,axenicdental
Hemophilia Resources of America,https://www.hemophiliaresourcesofamerica.org,hemophiliaresourcesofamerica
TSAT Group,http://www.tsatgroup.com,tsatgroup
Get Smart Content,http://www.getsmartcontent.com,getsmartcontent
Purple Labs,http://www.purplelabs.com,purplelabs
GetOutfitted,http://www.getoutfitted.com,getoutfitted
Greenplum Software,http://www.greenplum.com,greenplum
Image Socket,http://www.imagesocket.com,imagesocket
Webdyn,http://www.webdyn.com,webdyn
Drillster,http://www.drillster.com,drillster
Mena Cleantech,https://www.menacleantech.com,menacleantech
hyaqu,http://www.hyaqu.com,hyaqu
Newlight Technologies,http://newlight.com,newlight
Sensegon,http://www.sensegon.com,sensegon
WayConnected,http://wayconnected.com,wayconnected
SpumeNews,http://spumenews.com,spumenews
Frengo,http://www.frengo.com,frengo
NinthDecimal,http://www.ninthdecimal.com,ninthdecimal
Solexa,https://www.solexa.com,solexa
Giftango,http://www.giftango.com,giftango
Xcell Medical,https://www.xcellmedical.com,xcellmedical
Bango,http://www.bango.com,bango
Zipongo,http://www.zipongo.com,zipongo
Spotzer,http://www.getspotzer.com,getspotzer
Global Silicon,https://www.globalsilicon.com,globalsilicon
Navarik,https://www.navarik.com,navarik
Shoptimise,http://www.shoptimise.fr,shoptimise
Ruckus,http://www.ruckusnetwork.com,ruckusnetwork
Adeze,http://www.adeze.com,adeze
Applicasa,http://www.applicasa.com,applicasa
Cardback,http://cardback.in,cardback
Spikes Cavell & Co,http://www.spikescavell.net,spikescavell
SCS Group,http://www.groupscs.co.uk,groupscs
Londons Holiday Apartments,http://www.londonsholidayapartments.com,londonsholidayapartments
Empire Genomics,http://www.empiregenomics.com,empiregenomics
KODA,http://koda.us,koda
Stackops,http://www.stackops.com,stackops
