company_name,status,permalink,homepage_url,market,country_code,state_code,region,city,company_founding_date,founded_year,founded_month,founded_quarter,funding_rounds,funding_total_usd,first_funding_round_at,last_funding_round_at,street
Experifun,operating,/organization/experifun,http://experifun.com,Education,IND,,Bangalore,Bangalore,2012-01-01,2012.0,2012-01,2012-Q1,2.0,335000.0,2013-11-27,2014-09-19,1st Main Road
LoopPay,operating,/organization/looppay,http://www.looppay.com,Mobile,USA,MA,Boston,Woburn,2013-01-01,2013.0,2013-01,2013-Q1,3.0,13000000.0,2013-11-03,2014-07-24,1 New England Executive Park
Quisk,operating,/organization/quisk,http://quisk.co,Finance,USA,CA,SF Bay Area,Sunnyvale,,,,,1.0,6250000.0,2014-09-02,2014-09-02,1234 Innovation Way
Todaytickets,operating,/organization/todaytickets,http://www.todaytickets.de,Games,DEU,,Berlin,Berlin,2013-04-01,2013.0,2013-04,2013-Q2,1.0,0.0,2013-04-01,2013-04-01,Friedrichstraße 123
Fooboo,operating,/organization/fooboo,http://www.fooboo.de,Apps,DEU,,Munich,München,,,,,1.0,0.0,2014-10-16,2014-10-16,Müllerstraße 18
Get Me Listed,operating,/organization/get-me-listed,http://www.getmelisted.net,Local Search,CAN,QC,Montreal,Montréal,,,,,1.0,0.0,2012-04-27,2012-04-27,1234 Saint-Laurent Boulevard
Nerdies,operating,/organization/nerdies,http://www.nerdies.me,Education,USA,AR,Fayetteville,Fayetteville,2013-10-01,2013.0,2013-10,2013-Q4,1.0,21000.0,2013-10-22,2013-10-22,123 Nerdy Lane
Micron Technology,operating,/organization/micron-technology,http://www.micron.com,Semiconductors,USA,ID,Boise,Boise,1978-01-01,1978.0,1978-01,1978-Q1,4.0,50410400.0,2006-10-25,2013-09-01,8000 S Federal Way
hotelsmap.com,closed,/organization/hotelsmap-com,http://www.hotelsmap.com,Travel,ARE,,Dubai,Dubai,2010-06-20,2010.0,2010-06,2010-Q2,1.0,5000.0,2009-12-10,2009-12-10,Sheikh Zayed Road
Zidisha,operating,/organization/zidisha,http://www.zidisha.org,Curated Web,USA,VA,"Washington, D.C.",Sterling,2009-10-15,2009.0,2009-10,2009-Q4,1.0,0.0,2014-01-01,2014-01-01,21000 Atlantic Blvd
Musiwave,closed,/organization/musiwave,http://www.musiwave.com,Mobile,,,,Paris,,,,,1.0,3904597.0,2002-09-12,2002-09-12,12 Rue de la Paix
2Duche,operating,/organization/2duche,http://www.2duche.com,E-Commerce,CHN,,Shanghai,Shanghai,,,,,2.0,0.0,2006-06-01,2010-08-01,1000 Zhangyang Road
ShadesCases inc.,operating,/organization/shadescases-inc,http://www.shadescases.com,Hardware + Software,USA,CO,Denver,Centennial,2007-01-01,2007.0,2007-01,2007-Q1,2.0,110000.0,2007-06-01,2007-06-01,12345 East Arapahoe Road
HTG Molecular Diagnostics,operating,/organization/htg-molecular-diagnostics,http://www.htgmolecular.com,Biotechnology,USA,AZ,Tucson,Tucson,1997-01-01,1997.0,1997-01,1997-Q1,5.0,47232377.0,2011-02-24,2014-08-29,3430 E Global Loop
UpTo,operating,/organization/upto,http://upto.com,Events,USA,MI,Detroit,Detroit,2011-01-01,2011.0,2011-01,2011-Q1,2.0,2924999.0,2011-10-01,2013-06-13,1234 Woodward Avenue
TonZof,operating,/organization/tonzof,http://tonzof.com,E-Commerce,USA,CO,Denver,Lakewood,,,,,1.0,4707228.0,2014-02-21,2014-02-21,1234 W 6th Ave
Go Kin Packs,operating,/organization/go-kin-packs,http://www.gokinpacks.com,Electronics,CAN,ON,Thunder Bay,Thunder Bay,2013-08-01,2013.0,2013-08,2013-Q3,1.0,15000.0,2014-01-01,2014-01-01,123 Main Street
B-Side Entertainment,closed,/organization/b-side,http://www.bside.com,Games,USA,NY,New York City,New York,2005-04-07,2005.0,2005-04,2005-Q2,2.0,7350000.0,2006-10-11,2008-11-14,123 Bleecker Street
Invivodata,acquired,/organization/invivodata,https://www.invivodata.com,Health and Wellness,USA,PA,Pittsburgh,Pittsburgh,1987-01-01,1987.0,1987-01,1987-Q1,2.0,13098401.0,2006-01-01,2009-04-29,1000 Technology Drive
sim4tec,operating,/organization/sim4tec,http://www.sim4tec.com,Software,DEU,,Dresden,Dresden,,,,,1.0,0.0,2008-02-23,2008-02-23,Nürnberger Straße 1
EcoIntense,operating,/organization/ecointense,http://www.ecointense.de,Software,DEU,,Berlin,Berlin,,,,,1.0,909000.0,2008-02-01,2008-02-01,"10117 Berlin, Friedrichstraße 95"
YOYO Holdings,operating,/organization/yoyo-holdings,http://yoyo-holdings.com,Software,SGP,,Singapore,Singapore,2012-10-10,2012.0,2012-10,2012-Q4,1.0,1300000.0,2014-05-21,2014-05-21,1 Raffles Place
e-SENS,operating,/organization/e-sens,http://e-sens.com,Semiconductors,USA,UT,Salt Lake City,Salt Lake City,,,,,1.0,1060000.0,2014-01-09,2014-01-09,1234 Technology Way
1Life Healthcare,operating,/organization/1life-healthcare,http://www.1life.com,Health and Wellness,USA,CA,SF Bay Area,San Francisco,2002-01-01,2002.0,2002-01,2002-Q1,1.0,30000000.0,2013-03-21,2013-03-21,1 Market Street
"CUI Global, Inc.",operating,/organization/cui-global-inc,http://cuiglobal.com,Semiconductors,USA,OR,"Portland, Oregon",Tualatin,,,,,1.0,8000000.0,2010-08-31,2010-08-31,1990 SW 1st Ave
FastPay,operating,/organization/fast-pay-partners,http://www.gofastpay.com,Finance,USA,CA,Los Angeles,Beverly Hills,2009-01-01,2009.0,2009-01,2009-Q1,4.0,50000000.0,2011-02-10,2014-11-20,123 FastPay Way
Mango Bay Vacation Rentals,operating,/organization/mango-bay-vacation-rentals,http://www.mangobayvacation.com,Real Estate,USA,FL,Sarasota - Bradenton,Sarasota,2014-10-23,2014.0,2014-10,2014-Q4,1.0,0.0,2014-09-25,2014-09-25,123 Mango Bay Drive
Current Communications Group,acquired,/organization/current-communications-group,http://www.currentgroup.com,Software,USA,MD,"Washington, D.C.",Germantown,,,,,1.0,100000000.0,2005-07-06,2005-07-06,12345 Wakefield Street
Verimatrix,operating,/organization/verimatrix,http://verimatrix.com,Software,USA,CA,San Diego,San Diego,1999-01-01,1999.0,1999-01,1999-Q1,6.0,46799996.0,2000-01-01,2011-04-12,1015 Galleria Blvd
Offbeat Guides,closed,/organization/offbeat-guides,http://www.offbeatguides.com,Travel,USA,CA,SF Bay Area,San Francisco,2007-01-01,2007.0,2007-01,2007-Q1,1.0,0.0,2008-02-01,2008-02-01,1234 Market Street
Asuragen,operating,/organization/asuragen,http://www.asuragen.com,Biotechnology,USA,TX,Austin,Austin,2006-01-01,2006.0,2006-01,2006-Q1,4.0,80000000.0,2006-06-01,2013-03-20,2500 Bee Caves Road
Linea,closed,/organization/linea,http://getlinea.com,Photography,USA,WA,Seattle,Seattle,2011-04-01,2011.0,2011-04,2011-Q2,1.0,4000000.0,2013-05-31,2013-05-31,1234 5th Avenue
Enroute Systems,operating,/organization/enroute-systems,http://www.enroutecorp.com,Software,USA,WA,Seattle,Bellevue,2008-01-01,2008.0,2008-01,2008-Q1,4.0,2642814.0,2009-11-13,2013-01-18,12345 NE 8th Street
Chaperone Technologies,closed,/organization/chaperone-technologies,http://www.chaperonetechnologies.com,Biotechnology,USA,PA,Philadelphia,Radnor,,,,,1.0,100000.0,2006-03-06,2006-03-06,1000 Conestoga Road
Across The Universe,operating,/organization/across-the-universe,https://www.acrosstheuniverse.com,Games,,,,San Francisco,,,,,1.0,12500.0,2014-01-01,2014-01-01,123 Market Street
Otelic,operating,/organization/otelic,http://www.otelic.com,,USA,CA,SF Bay Area,San Francisco,,,,,1.0,0.0,2014-03-31,2014-03-31,123 Market Street
Scimetrika,operating,/organization/scimetrika,http://scimetrika.com,Health and Wellness,USA,NC,Raleigh,Durham,2001-01-01,2001.0,2001-01,2001-Q1,1.0,40000000.0,2013-09-30,2013-09-30,123 Science Park Drive
TopCat Research,operating,/organization/topcat-research,http://www.topcat-research.com,Biotechnology,GBR,,Gwynedd,Bangor,,,,,1.0,80606.0,2011-07-14,2011-07-14,1 Ffordd Penrhwylfa
BoardEvals,operating,/organization/boardevals,http://www.boardevals.com,Nonprofits,USA,CA,Sacramento,El Dorado Hills,2008-08-19,2008.0,2008-08,2008-Q3,1.0,100000.0,2008-08-01,2008-08-01,123 Boardwalk Drive
AntCor,acquired,/organization/antcor,http://web.antcor.com,Software,GRC,,Maroúli,Maroúli,,,,,1.0,1280000.0,2006-06-01,2006-06-01,1 AntCor Street
Jugo,operating,/organization/jugo,http://www.playjugo.com,Entertainment,ESP,,Valencia,Valencia,2012-01-01,2012.0,2012-01,2012-Q1,1.0,195780.0,2013-04-14,2013-04-14,Calle de la Paz 18
LAM Aviation,operating,/organization/lam-aviation,http://lamaviation.com,Manufacturing,USA,CA,SF Bay Area,Los Altos Hills,,,,,3.0,1960001.0,2009-08-28,2014-07-09,1234 Larkspur Drive
Accedian Networks,operating,/organization/accedian-networks,http://www.accedian.com,Mobile,CAN,QC,Montreal,Montréal,2004-01-01,2004.0,2004-01,2004-Q1,3.0,31040000.0,2006-03-09,2010-08-04,1250 Boulevard René-Lévesque Ouest
CREATIV,operating,/organization/creativ,http://www.creativ.com,Social Network Media,USA,AZ,Phoenix,Scottsdale,2010-04-10,2010.0,2010-04,2010-Q2,5.0,8750000.0,2011-04-05,2014-01-01,12345 N Scottsdale Rd
Takeda Cambridge,operating,/organization/takeda-cambridge,http://www.takedacam.com,Biotechnology,GBR,,London,Cambridge,,,,,2.0,22340000.0,2005-01-07,2006-07-07,1-3 Burleigh Street
Elance-oDesk,operating,/organization/elance-odesk,http://www.elance-odesk.com,Virtual Workforces,USA,CA,SF Bay Area,Mountain View,2014-01-01,2014.0,2014-01,2014-Q1,1.0,30000000.0,2014-11-25,2014-11-25,400 Castro Street
Linktone,operating,/organization/linktone,http://www.linktone.com,Mobile,CHN,,Beijing,Beijing,1999-01-01,1999.0,1999-01,1999-Q1,1.0,0.0,2001-04-01,2001-04-01,No. 1 Wangjing East Road
OneSchool,operating,/organization/oneschool,http://oneschool.com,Education,USA,CA,SF Bay Area,Mountain View,,,,,1.0,750000.0,2012-01-25,2012-01-25,1000 N Shoreline Blvd
Hear It First,operating,/organization/hear-it-first,https://www.hearitfirst.com,,USA,TN,Nashville,Nashville,,,,,1.0,320000.0,2013-03-01,2013-03-01,123 Music Row
Kik,operating,/organization/kik-interactive,http://kik.com,Messaging,CAN,ON,Toronto,Waterloo,2009-01-01,2009.0,2009-01,2009-Q1,3.0,65800000.0,2011-03-07,2014-11-19,100 King Street West
Planday,operating,/organization/planday,http://www.planday.com,Software,DNK,,Copenhagen,Copenhagen,2013-01-01,2013.0,2013-01,2013-Q1,1.0,3750000.0,2014-05-06,2014-05-06,Vesterbrogade 149
Snow & Alps,operating,/organization/snow-alps,http://snowbon.com,Curated Web,DEU,,Munich,Munich,2012-09-01,2012.0,2012-09,2012-Q3,1.0,1286600.0,2014-01-07,2014-01-07,12 Alpenstraße
FINXI,operating,/organization/finxi,http://finxi.com.br,Software,BRA,,Rio de Janeiro,Rio De Janeiro,2010-03-20,2010.0,2010-03,2010-Q1,1.0,25000.0,2012-07-01,2012-07-01,"Avenida Rio Branco, 45"
Celldex Therapeutics,operating,/organization/celldex-therapeutics,http://celldex.com,Biotechnology,USA,NJ,NJ - Other,Hampton,,,,,1.0,2000000.0,2014-10-24,2014-10-24,200 W Main St
Hollywood Vision Center,operating,/organization/hollywood-vision-center,http://www.hollywoodvision.com/vision-therapy.html,Medical,USA,CA,Los Angeles,Los Angeles,1919-06-12,1919.0,1919-06,1919-Q2,1.0,700.0,2014-08-06,2014-08-06,1234 Hollywood Blvd
Medical Connections,operating,/organization/medical-connections,http://medicalconnections.com,Biotechnology,USA,FL,Palm Beaches,Boca Raton,2002-01-01,2002.0,2002-01,2002-Q1,1.0,51050.0,2010-08-26,2010-08-26,1234 Medical Way
Nuvola,closed,/organization/nuvola,http://www.getnuvola.com,Consulting,USA,CA,SF Bay Area,Mountain View,2013-01-01,2013.0,2013-01,2013-Q1,1.0,330000.0,2014-02-03,2014-02-03,800 West El Camino Real
D.light Design,operating,/organization/d-light-design,http://www.dlightdesign.com,Clean Technology,CYM,,Cayman Islands,Grand Cayman,2007-01-01,2007.0,2007-01,2007-Q1,3.0,22500000.0,2008-11-10,2014-02-25,1A North Church Street
Thename.is,operating,/organization/thename-is,http://thename.is,,,,,Unknown,2012-01-01,2012.0,2012-01,2012-Q1,1.0,20203.0,2013-01-27,2013-01-27,123 Innovation Way
Gaston Labs,closed,/organization/gaston-labs,http://GastonLabs.com,Photography,USA,CA,SF Bay Area,Palo Alto,2012-03-21,2012.0,2012-03,2012-Q1,1.0,100000.0,2012-03-01,2012-03-01,1234 El Camino Real
Orckit Communications,operating,/organization/orckit-communications,http://www.orckit.com,Networking,ISR,,Tel Aviv,Tel Aviv,1990-01-01,1990.0,1990-01,1990-Q1,1.0,5000000.0,2013-04-02,2013-04-02,3 Hahashmonaim Street
Web Design Giant Inc.,operating,/organization/web-design-giant-inc,http://www.webdesigngiant.com,Web Development,USA,MA,Worcester,Lunenburg,2010-03-10,2010.0,2010-03,2010-Q1,1.0,50000.0,2012-09-17,2012-09-17,123 Web Design Way
RelayRides,operating,/organization/relayrides,https://relayrides.com,Transportation,USA,CA,SF Bay Area,San Francisco,2008-11-01,2008.0,2008-11,2008-Q4,11.0,62500000.0,2009-11-01,2014-08-12,1001 Market Street
EG Technology,operating,/organization/eg-technology,https://www.egtechnology.com,,USA,GA,Atlanta,Atlanta,,,,,1.0,200000.0,2009-07-01,2009-07-01,123 Innovation Way
"Madison Reed, Inc.",operating,/organization/madison-reed-inc,http://www.madison-reed.com,Beauty,USA,CA,SF Bay Area,San Francisco,2013-01-01,2013.0,2013-01,2013-Q1,2.0,16000000.0,2013-04-29,2014-01-28,100 Spear Street
Enliven Marketing Technologies,operating,/organization/enliven-marketing-technologies,http://www.enliven.com,Advertising,USA,NY,New York City,New York,1987-01-01,1987.0,1987-01,1987-Q1,2.0,12310000.0,2005-07-26,2007-10-18,123 Main Street
QBE,operating,/organization/qbe,http://qbe.net,Consulting,USA,VA,VA - Other,Haymarket,2008-01-01,2008.0,2008-01,2008-Q1,1.0,528124.0,2010-12-21,2010-12-21,8000 Winding Creek Way
Zipline Medical,operating,/organization/zipline-medical,http://www.ziplinemedical.com,Health Care,USA,CA,SF Bay Area,Campbell,2007-01-01,2007.0,2007-01,2007-Q1,4.0,16000000.0,2009-12-21,2014-10-20,2000 S Bascom Ave
Novast Laboratories,operating,/organization/novast-laboratories,https://www.novastlaboratories.com,Biotechnology,CHN,,CHN - Other,Nantong,,,,,1.0,20000000.0,2012-06-12,2012-06-12,No. 1 Science Park Road
Extreme Wireless Communication,operating,/organization/extreme-wireless-communication,http://www.extreme-wireless.com,Networking,USA,IL,Chicago,Round Lake,2012-08-20,2012.0,2012-08,2012-Q3,1.0,0.0,2012-09-24,2012-09-24,123 Wireless Way
ChipSensors,acquired,/organization/chipsensors,http://www.chipsensors.com,Semiconductors,IRL,,Limerick,Limerick,2007-01-01,2007.0,2007-01,2007-Q1,2.0,4140000.0,2007-08-01,2010-04-20,1 Innovation Drive
Prolify,closed,/organization/prolify,http://www.prolify.com,Messaging,ISR,,Netanya,Netanya,2002-01-01,2002.0,2002-01,2002-Q1,1.0,4000000.0,2005-02-15,2005-02-15,1 HaSharon Street
Volantis Systems,acquired,/organization/volantis,http://www.volantis.com,Software,GBR,,London,Guildford,2000-01-01,2000.0,2000-01,2000-Q1,1.0,7500000.0,2005-09-13,2005-09-13,1 High Street
TraveDoc,operating,/organization/travedoc,http://travedoc.com,Mobile,USA,MA,Boston,Boston,2012-11-19,2012.0,2012-11,2012-Q4,2.0,100000.0,2012-11-12,2013-04-29,123 Travel Lane
Winkapp,operating,/organization/winkapp,http://winkapp.co,Telecommunications,ISR,,Tel Aviv,Tel Aviv,2013-01-01,2013.0,2013-01,2013-Q1,1.0,0.0,2013-05-24,2013-05-24,5 Rothschild Boulevard
Best Bid,operating,/organization/best-bid-for-you,https://www.bestbid.com,Low Bid Auctions,GBR,,London,London,2010-07-01,2010.0,2010-07,2010-Q3,1.0,0.0,2010-10-01,2010-10-01,123 High Street
Mob Science,acquired,/organization/mob-science,http://www.MobScience.com,Games,USA,CA,San Diego,Carlsbad,2008-01-01,2008.0,2008-01,2008-Q1,2.0,1500000.0,2012-02-23,2012-03-27,1234 Innovation Way
PowerPractical,operating,/organization/powerpractical,http://www.powerpractical.com,E-Commerce,USA,UT,Salt Lake City,Salt Lake City,,,,,2.0,0.0,2013-01-25,2013-01-31,1234 South 900 East
Project Dance,operating,/organization/project-dance-llc,https://www.projectdance.com,Education,USA,,USA - Other,Atlanta,2009-08-24,2009.0,2009-08,2009-Q3,1.0,0.0,2009-08-24,2009-08-24,123 Dance Avenue
CytoLogic,operating,/organization/cytologic,http://www.cytologic.com,Health Care,USA,CO,Denver,Boulder,1998-01-01,1998.0,1998-01,1998-Q1,2.0,978637.0,2010-12-13,2012-06-15,1234 Innovation Way
Knowthena,operating,/organization/knowthena,http://knowthena.com,Curated Web,USA,KY,KY - Other,Owensboro,2011-01-01,2011.0,2011-01,2011-Q1,1.0,150000.0,2013-01-01,2013-01-01,1234 Knowledge Way
Alter-G,operating,/organization/alter-g,http://www.alter-g.com,Health Care,USA,CA,SF Bay Area,Fremont,2005-01-01,2005.0,2005-01,2005-Q1,4.0,23000000.0,2007-04-09,2012-08-13,47000 Kato Road
Avosoft,operating,/organization/avosoft,http://www.avopress.com,Finance,USA,OH,Cincinnati,Cincinnati,2010-04-01,2010.0,2010-04,2010-Q2,1.0,100000.0,2010-01-05,2010-01-05,1234 Innovation Way
GET Holding NV,closed,/organization/get-holding-nv,http://www.emerce.nl/nieuws.jsp?id=3001552,Enterprise Software,NLD,,NLD - Other,Zaandijk,2007-03-01,2007.0,2007-03,2007-Q1,1.0,5666100.0,2009-01-06,2009-01-06,Zuiddijk 2
Momspot,operating,/organization/momspot,http://www.momspot.com,Digital Media,USA,NY,New York City,New York,,,,,1.0,165000.0,2013-07-15,2013-07-15,123 Momspot Lane
Drone.io,operating,/organization/drone-io,http://drone.io,Software,USA,CA,SF Bay Area,San Francisco,2012-10-02,2012.0,2012-10,2012-Q4,1.0,28000.0,2013-07-10,2013-07-10,123 Market Street
Roundscapes,operating,/organization/roundscapes,http://www.the42.com,Software,USA,CA,Sacramento,Lincoln,2008-01-01,2008.0,2008-01,2008-Q1,1.0,500000.0,2011-12-08,2011-12-08,123 Roundscape Drive
Amirite.com,operating,/organization/amirite,http://www.amirite.com,Social Media,GBR,,London,London,,,,,1.0,2500000.0,2013-02-10,2013-02-10,1-3 Wootton Street
Metwit,operating,/organization/metwit,http://metwit.com,News,GBR,,London,London,2012-04-04,2012.0,2012-04,2012-Q2,1.0,25000.0,2012-08-30,2012-08-30,1-3 St. John's Lane
Sapheon,acquired,/organization/sapheon,http://www.sapheoninc.com,Health Care,USA,CA,Napa Valley,Santa Rosa,2007-01-01,2007.0,2007-01,2007-Q1,6.0,35771750.0,2008-10-28,2013-11-21,1234 Redwood Highway
MeisterLabs,closed,/organization/mindmeister,http://www.mindmeister.com,Office Space,DEU,,Munich,Munich,2007-02-05,2007.0,2007-02,2007-Q1,1.0,0.0,2008-07-01,2008-07-01,1 Meisterstraße
Spinifex Pharmaceuticals,operating,/organization/spinifex-pharmaceuticals,http://www.spinifexpharma.com.au,Biotechnology,GBR,,Preston,Preston,2005-06-01,2005.0,2005-06,2005-Q2,2.0,64000000.0,2011-08-23,2014-04-10,1 Spinney Avenue
EventVue,closed,/organization/eventvue,http://www.eventvue.com,Curated Web,USA,CO,Denver,Boulder,2007-05-01,2007.0,2007-05,2007-Q2,2.0,455000.0,2007-08-01,2007-09-01,1234 Pearl Street
ShopSpot,operating,/organization/shopspot,http://shopspotapp.com,Mobile Commerce,SGP,,Singapore,Singapore,2012-02-01,2012.0,2012-02,2012-Q1,2.0,628000.0,2012-04-01,2013-02-19,1 Raffles Place
Michigan Home Brokers,operating,/organization/michigan-home-brokers,http://www.mhbrokers.org,Real Estate,USA,MI,Detroit,Washington,2010-11-01,2010.0,2010-11,2010-Q4,1.0,0.0,2013-01-31,2013-01-31,123 Main Street
Mentor Me,operating,/organization/mentor-me,http://getmentorme.com,Teachers,USA,TN,Memphis,Memphis,2012-12-08,2012.0,2012-12,2012-Q4,2.0,175000.0,2013-01-31,2014-02-03,123 Mentor Way
Pact,operating,/organization/pactcoffee,http://pactcoffee.com,Coffee,GBR,,GBR - Other,Bermondsey,2012-09-01,2012.0,2012-09,2012-Q3,2.0,3355282.0,2013-03-27,2014-08-11,1-3 St. James's Road
Three Squirrels E-commerce,operating,/organization/three-squirrels-e-commerce,http://www.3songshu.com,E-Commerce,CHN,,CHN - Other,Wuhu,2012-01-01,2012.0,2012-01,2012-Q1,1.0,6000000.0,2013-07-01,2013-07-01,No. 1 Squirrel Road
Harbor Wing Technologies,operating,/organization/harbor-wing-technologies,http://harborwingtech.com,Manufacturing,USA,WA,Seattle,Seattle,2003-01-01,2003.0,2003-01,2003-Q1,2.0,186200.0,2010-04-09,2011-08-24,1234 Harbor Avenue
Onset Financial,operating,/organization/onset-financial,http://www.onsetfinancial.com,Finance,USA,UT,Salt Lake City,South Jordan,2008-11-03,2008.0,2008-11,2008-Q4,1.0,7700000.0,2014-10-17,2014-10-17,10794 S River Front Pkwy
"NephoScale, Inc.",operating,/organization/nephoscale,http://www.nephoscale.com,Software,USA,CA,SF Bay Area,San Jose,2010-01-01,2010.0,2010-01,2010-Q1,1.0,1000000.0,2013-07-20,2013-07-20,1001 W San Carlos St
G-Zero Therapeutics,operating,/organization/g-zero-therapeutics,https://www.gzero.com,Biotechnology,USA,NC,Raleigh,Chapel Hill,,,,,2.0,1220786.0,2012-10-12,2013-04-18,123 Main Street
Hyperpia,operating,/organization/hyperpia,https://www.hyperpia.com,Games,USA,CA,SF Bay Area,Fremont,,,,,1.0,3000000.0,2007-05-07,2007-05-07,123 Innovation Way
Exabeam,operating,/organization/exabeam,http://www.exabeam.com,Information Technology,USA,CA,SF Bay Area,San Mateo,2013-01-01,2013.0,2013-01,2013-Q1,1.0,10000000.0,2014-06-10,2014-06-10,4000 Shoreline Ct
Allele Biotech,operating,/organization/allele-biotech,http://www.allelebiotech.com,Biotechnology,USA,CA,San Diego,San Diego,1999-01-01,1999.0,1999-01,1999-Q1,1.0,7000000.0,2014-09-24,2014-09-24,11045 Roselle Street
RF Biocidics,operating,/organization/rf-biocidics,http://www.rfbiocidics.com,Health and Wellness,USA,CA,Napa Valley,Vacaville,,,,,1.0,10000000.0,2011-06-16,2011-06-16,1234 Biocidics Way
Toolwi,operating,/organization/toolwi,http://toolwi.com,Services,,,,San Francisco,2008-04-29,2008.0,2008-04,2008-Q2,1.0,0.0,2008-01-01,2008-01-01,123 Market Street
Scivantage,operating,/organization/scivantage,http://www.scivantage.com,Finance,USA,NJ,Newark,Jersey City,2000-01-01,2000.0,2000-01,2000-Q1,5.0,59700000.0,2006-10-26,2014-06-23,101 Hudson Street
YouFetch,operating,/organization/youfetch,http://www.youfetch.co,Marketplaces,USA,CA,Los Angeles,Venice,2013-01-01,2013.0,2013-01,2013-Q1,1.0,0.0,2013-09-01,2013-09-01,1234 Abbot Kinney Blvd
Saranas,operating,/organization/saranas,http://saranas.com,Health Care,USA,TX,Houston,Houston,2011-01-01,2011.0,2011-01,2011-Q1,1.0,50000.0,2012-03-19,2012-03-19,1010 W Loop N Fwy
Apiary,operating,/organization/apiary,http://apiary.io,Software,USA,CA,SF Bay Area,San Francisco,2011-04-27,2011.0,2011-04,2011-Q2,2.0,1750000.0,2011-12-23,2013-09-17,123 Apiary Lane
Greenville Chamber,operating,/organization/greenville-chamber,http://greenvillechamber.org,Education,USA,SC,Greenville - Spartanburg,Greenville,,,,,1.0,25000.0,2013-11-27,2013-11-27,24 Cleveland Street
Hubbly Bubbly,operating,/organization/hubbly-bubbly,http://hubblybubbly.uk.com,,,,,New York,,,,,1.0,0.0,2014-01-09,2014-01-09,123 Main Street
Legal River,closed,/organization/legal-river,http://www.legalriver.com,Legal,USA,DC,"Washington, D.C.",Washington,2009-01-01,2009.0,2009-01,2009-Q1,2.0,0.0,2009-01-01,2009-04-01,123 Legal River Way
Kamida,operating,/organization/kamida,http://kamidaconcrete.com,Software,USA,NY,New York City,New York,2006-01-01,2006.0,2006-01,2006-Q1,1.0,584269.0,2010-02-25,2010-02-25,123 Main Street
PEPperPRINT,operating,/organization/pepperprint,http://www.pepperprint.com,Biotechnology,DEU,,Frankfurt,Heidelberg,,,,,1.0,676000.0,2010-03-31,2010-03-31,Heidelberger Straße 18
Gamestaq,closed,/organization/gamestaq,http://gamestaq.com,Video Games,USA,NY,New York City,New York,,,,,1.0,1000000.0,2010-06-01,2010-06-01,123 Main Street
SBS Resources,operating,/organization/sbs-resources,https://www.sbsresources.com,Manufacturing,USA,NY,New York City,Goshen,2014-03-03,2014.0,2014-03,2014-Q1,1.0,0.0,2014-10-08,2014-10-08,123 Main Street
Velti,operating,/organization/velti,http://www.velti.com,App Marketing,USA,CA,SF Bay Area,San Francisco,2001-01-01,2001.0,2001-01,2001-Q1,3.0,32034118.0,2009-06-01,2013-05-08,100 Spear Street
Cro Analytics,operating,/organization/cro-analytics,http://croanalytics.com,Analytics,USA,PA,Philadelphia,New Hope,,,,,2.0,175000.0,2014-02-20,2014-06-18,123 Main Street
Klevu Oy,operating,/organization/klevu-oy,http://www.klevu.com,E-Commerce,FIN,,Helsinki,Helsinki,,,,,1.0,344314.0,2014-04-01,2014-04-01,Klevu Oy is located at 5 Ruoholahdenlaituri.
Partigi,operating,/organization/partigi,http://www.partigi.com,Social Media,ESP,,Madrid,Madrid,2009-05-01,2009.0,2009-05,2009-Q2,1.0,132750.0,2009-05-01,2009-05-01,"Calle de Vallehermoso, 79"
Day Zero Project,operating,/organization/day-zero-project,http://dayzeroproject.com,Software,CHL,,Santiago,Santiago,2011-11-01,2011.0,2011-11,2011-Q4,1.0,40000.0,2011-12-01,2011-12-01,Av. Libertador Bernardo O'Higgins 1449
Novacem,closed,/organization/novacem,http://novacem.com,Clean Technology,GBR,,London,London,,,,,1.0,2393578.0,2011-01-27,2011-01-27,1-3 The Square
HeTexted,operating,/organization/hetexted,http://HeTexted.com,Advice,USA,NY,New York City,New York,2012-10-01,2012.0,2012-10,2012-Q4,1.0,900000.0,2013-04-12,2013-04-12,50 West 23rd Street
Foodtoeat,operating,/organization/foodtoeat,http://www.foodtoeat.com,Restaurants,USA,NY,New York City,New York,2011-05-31,2011.0,2011-05,2011-Q2,1.0,500000.0,2011-07-01,2011-07-01,1001 Avenue of the Americas
iKaaz,operating,/organization/ikaaz,http://ikaaz.com,NFC,IND,,Bangalore,Bangalore,2012-07-04,2012.0,2012-07,2012-Q3,2.0,0.0,2014-01-02,2014-01-30,"1st Floor, 2nd Main Road, 4th Block, Koramangala"
Drais Pharmaceuticals,operating,/organization/drais-pharmaceuticals,http://draispharma.com,Biotechnology,,,,San Diego,2007-01-01,2007.0,2007-01,2007-Q1,1.0,20000000.0,2010-02-20,2010-02-20,1234 Innovation Way
Oviceversa,operating,/organization/oviceversa,http://www.oviceversa.es,Entertainment,ESP,,Madrid,Madrid,2013-01-01,2013.0,2013-01,2013-Q1,1.0,0.0,2014-07-15,2014-07-15,Calle de Vallehermoso 79
Trony Solar,closed,/organization/trony-solar,http://www.trony.com/en,Renewable Energies,CHN,,Shenzhen,Shenzhen,1993-01-01,1993.0,1993-01,1993-Q1,1.0,20000000.0,2008-10-28,2008-10-28,1 Innovation Road
Zeto,operating,/organization/zeto,http://www.zeto.ie/#1024,Clean Technology IT,IRL,,Cork,Cork,2011-03-23,2011.0,2011-03,2011-Q1,1.0,38817.0,2012-01-01,2012-01-01,1 Patrick Street
Mithridion,operating,/organization/mithridion,http://www.mithridion.com,Biotechnology,USA,WI,Madison,Madison,,,,,2.0,4158499.0,2009-01-21,2011-01-11,1234 Innovation Drive
svh24.de,operating,/organization/svh24-de,http://svh24.de,E-Commerce,DEU,,Dortmund,Dortmund,,,,,1.0,4830000.0,2010-06-11,2010-06-11,24 Sonnenstraße
BreatheAmerica,operating,/organization/breathe-america,http://www.breatheamerica.com,Health and Wellness,USA,TN,Nashville,Nashville,2006-01-01,2006.0,2006-01,2006-Q1,4.0,29800000.0,2008-06-20,2013-09-24,123 Healthway Drive
AuthorityLabs,operating,/organization/authoritylabs,http://authoritylabs.com,Internet Marketing,,,,Austin,2008-09-22,2008.0,2008-09,2008-Q3,1.0,15000.0,2008-09-22,2008-09-22,1001 W 15th St
Rebellion Photonics,operating,/organization/rebellion-photonics,http://rebellionphotonics.com,Photography,USA,TX,Houston,Houston,2009-01-01,2009.0,2009-01,2009-Q1,1.0,10400000.0,2014-01-09,2014-01-09,1000 Main Street
TayaSola,operating,/organization/tayasola,http://www.tayasola.com,Energy IT,USA,WA,Seattle,Seattle,2007-05-15,2007.0,2007-05,2007-Q2,1.0,17000.0,2012-09-01,2012-09-01,1234 5th Avenue
Hexagram 49,operating,/organization/hexagram-49,https://www.hexagram49.com,Analytics,,,,New York,,,,,2.0,11000000.0,2011-09-16,2013-11-25,123 Main Street
Exodus Payment Systems,operating,/organization/exodus-payment-systems,http://exoduspaymentsystems.com,Software,USA,GA,GA - Other,Blackshear,2009-01-01,2009.0,2009-01,2009-Q1,2.0,987083.0,2009-06-05,2011-06-28,123 Commerce Drive
Floobits,operating,/organization/floobits,http://floobits.com,Software,USA,CA,SF Bay Area,San Francisco,2013-01-01,2013.0,2013-01,2013-Q1,2.0,0.0,2013-06-01,2013-09-01,123 Spear Street
ShiftForward,operating,/organization/shiftforward,http://www.shiftforward.eu,Media,PRT,,Porto,Porto,2011-05-31,2011.0,2011-05,2011-Q2,1.0,0.0,2014-10-13,2014-10-13,Rua de Camões 123
Integral Ad Science,operating,/organization/integralads,http://www.integralads.com,Advertising,USA,NY,New York City,New York,2009-01-01,2009.0,2009-01,2009-Q1,4.0,49750000.0,2009-10-06,2014-01-02,32 Avenue of the Americas
iChange,acquired,/organization/ichange,http://www.ichange.com,Messaging,USA,CA,Los Angeles,Pasadena,2008-01-01,2008.0,2008-01,2008-Q1,4.0,2330500.0,2007-10-01,2010-11-18,123 Innovation Way
SheFinds Media,operating,/organization/white-cat-media,http://www.shefinds.com,Shopping,USA,NY,New York City,New York,2004-02-01,2004.0,2004-02,2004-Q1,1.0,1300000.0,2008-11-24,2008-11-24,30 West 21st Street
Ombitron,operating,/organization/ombitron,http://www.ombitron.com,Internet of Things,USA,WA,Seattle,Seattle,2013-01-01,2013.0,2013-01,2013-Q1,2.0,256960.0,2013-04-22,2014-02-21,1234 Innovation Way
Network,operating,/organization/network-3,https://www.network.com,Productivity Software,,,,Redmond,2013-03-01,2013.0,2013-03,2013-Q1,2.0,3000000.0,2013-07-22,2014-04-23,1 Microsoft Way
Solovis,operating,/organization/solovis,http://solovis.com,Software,USA,AL,Birmingham,Birmingham,,,,,1.0,250000.0,2014-04-01,2014-04-01,2100 1st Avenue North
Universal Fuels,operating,/organization/universal-fuels,http://universalfuels.co.uk,Automotive,GBR,,London,London,,,,,1.0,78082.0,2012-08-01,2012-08-01,123 Fuel Road
Callvine,operating,/organization/callvine,http://www.callvine.com,iPhone,USA,TX,Austin,Austin,2011-04-01,2011.0,2011-04,2011-Q2,1.0,4000000.0,2010-08-09,2010-08-09,1000 W 15th St
s0cket,operating,/organization/s0cket,http://www.s0cket.com,Android,AUS,,Melbourne,Melbourne,,,,,1.0,150000.0,2013-05-10,2013-05-10,123 Queen Street
Viajala,operating,/organization/escapar,http://viajala.com,Online Travel,COL,,Bogota,Bogotá,2013-01-01,2013.0,2013-01,2013-Q1,1.0,130000.0,2014-04-01,2014-04-01,Calle 93B # 19-44
FatSkunk,operating,/organization/fatskunk,http://www.fatskunk.com,Software,,,,San Francisco,2009-01-01,2009.0,2009-01,2009-Q1,1.0,250000.0,2012-11-12,2012-11-12,123 Market Street
IP Commerce,operating,/organization/ip-commerce,http://www.commercesync.com,Software,,,,Denver,2005-01-01,2005.0,2005-01,2005-Q1,4.0,44028672.0,2008-04-01,2012-08-17,999 18th Street
Upplication,operating,/organization/upplication,http://upplication.com/build-your-app,Mobile,ESP,,Madrid,Madrid,2012-10-11,2012.0,2012-10,2012-Q4,1.0,469255.0,2012-10-22,2012-10-22,Calle de Vallehermoso 79
FilterSure,operating,/organization/filtersure-inc,http://www.filtersureinc.com,,USA,VA,"Washington, D.C.",Mclean,2006-06-23,2006.0,2006-06,2006-Q2,1.0,0.0,2012-02-08,2012-02-08,1234 Filter Lane
AngioSlide,operating,/organization/angioslide,http://www.angioslide.com,Health Care,USA,CO,Denver,Wheat Ridge,2005-01-01,2005.0,2005-01,2005-Q1,6.0,30150000.0,2006-12-01,2013-01-03,12345 W 44th Ave
Stormpath,operating,/organization/stormpath,http://www.stormpath.com,Software,USA,CA,SF Bay Area,San Mateo,,,,,2.0,9700000.0,2012-03-19,2013-02-19,1000 Park Place
BehavioSec,operating,/organization/behaviosec,http://www.behaviosec.com,Security,SWE,,Lulea,Luleå,2007-01-01,2007.0,2007-01,2007-Q1,2.0,2026620.0,2008-01-01,2011-05-10,Kungsbron 1
9flats,operating,/organization/9flats,http://www.9flats.com,Travel,DEU,,Berlin,Berlin,2011-02-01,2011.0,2011-02,2011-Q1,1.0,0.0,2012-01-12,2012-01-12,9 Oranienburger Str.
Whistlestop,operating,/organization/whistlestop,http://www.whistlestop.com,Analytics,,,,San Francisco,2011-10-01,2011.0,2011-10,2011-Q4,1.0,400000.0,2011-07-01,2011-07-01,123 Market Street
Ogden Tomotherapy,operating,/organization/ogden-tomotherapy,https://www.ogdentomotherapy.com,,USA,TN,Nashville,Nashville,2011-01-01,2011.0,2011-01,2011-Q1,1.0,676708.0,2011-12-08,2011-12-08,1230 Medical Center Drive
Intellicyt,operating,/organization/intellicyt,http://intellicyt.com,Biotechnology,USA,NM,Albuquerque,Albuquerque,2006-01-01,2006.0,2006-01,2006-Q1,2.0,12000000.0,2013-05-06,2014-06-10,1600 Eubank Blvd NE
DoorDash,operating,/organization/doordash,http://www.doordash.com,Small and Medium Businesses,USA,CA,SF Bay Area,Palo Alto,2013-01-01,2013.0,2013-01,2013-Q1,3.0,19700000.0,2013-03-01,2014-05-22,3030 E Bayshore Rd
Hello Local Media ( HLM ),operating,/organization/hello-local-media-hlm,http://helloaround.me,News,RUS,,Moscow,Moscow,2012-03-01,2012.0,2012-03,2012-Q1,1.0,50000.0,2011-05-01,2011-05-01,1 Tverskaya Street
QE Ventures,operating,/organization/qe-ventures,http://qfdevelop.com,Software,USA,NY,New York City,New York,2000-01-01,2000.0,2000-01,2000-Q1,1.0,232845.0,2012-07-17,2012-07-17,123 Main Street
Atonarp,operating,/organization/atonarp,http://www.atonarp.com,Manufacturing,JPN,,Tokyo,Tokyo,,,,,1.0,8000000.0,2014-08-12,2014-08-12,"1-1-1 Koto, Koto-ku"
iPerceptions,operating,/organization/iperceptions,http://www.iperceptions.com,Analytics,USA,NY,New York City,New York,2000-01-01,2000.0,2000-01,2000-Q1,1.0,3650000.0,2008-12-02,2008-12-02,100 Park Avenue
Blue Diamond Technologies,operating,/organization/blue-diamond-technologies,http://bluediamondtechltd.com,Clean Technology,,,,San Francisco,,,,,1.0,102809.0,2012-12-14,2012-12-14,123 Market Street
Blackwave,acquired,/organization/acinion,http://www.blackwave.tv,Storage,USA,MA,Boston,Acton,2006-01-01,2006.0,2006-01,2006-Q1,3.0,28000000.0,2006-12-01,2009-09-30,1 Blackwave Way
Reonomy,operating,/organization/reonomy,http://www.reonomy.com,Analytics,USA,NY,New York City,New York,2013-03-01,2013.0,2013-03,2013-Q1,2.0,4850000.0,2013-03-01,2014-03-18,100 Broadway
vSocial,operating,/organization/vsocial,http://www.vsocial.com,Enterprise Software,USA,AZ,Phoenix,Tempe,,,,,2.0,0.0,2007-01-01,2007-09-01,1230 W Washington St
CasterStats,acquired,/organization/casterstats,http://www.casterstats.com,Software,BEL,,Brussels,Liège,2009-10-15,2009.0,2009-10,2009-Q4,1.0,631720.0,2009-10-15,2009-10-15,Rue de la Régence 12
Rivalry,operating,/organization/rivalry,http://rivalry.com,Internet,USA,GA,Atlanta,Atlanta,2012-01-01,2012.0,2012-01,2012-Q1,1.0,550000.0,2014-07-11,2014-07-11,1000 Marietta Street NW
MindBodyGreen,operating,/organization/mindbodygreen,http://www.mindbodygreen.com,Health and Wellness,USA,NY,New York City,Brooklyn,2009-01-01,2009.0,2009-01,2009-Q1,1.0,1870000.0,2014-03-02,2014-03-02,1000 Dean Street
Touch Payments,operating,/organization/touch-payments,http://www.touchpayments.com.au,E-Commerce,AUS,,Sydney,Surry Hills,,,,,1.0,0.0,2013-12-01,2013-12-01,1/45 Crown Street
CradlePoint Technology,operating,/organization/cradlepoint,http://www.cradlepoint.com,Hardware + Software,USA,ID,Boise,Boise,2004-01-01,2004.0,2004-01,2004-Q1,4.0,17628255.0,2009-07-27,2012-07-24,3200 E Pine Ave
Gobooks,operating,/organization/gobooks,http://gobooks.com.br,Textbooks,BRA,,Rio de Janeiro,Rio De Janeiro,2013-01-24,2013.0,2013-01,2013-Q1,2.0,325000.0,2013-01-01,2013-03-01,"Avenida Rio Branco, 1"
TunePatrol,operating,/organization/tunepatrol,http://tunepatrol.com,Music,IND,,Bangalore,Bangalore,2012-03-30,2012.0,2012-03,2012-Q1,1.0,20000.0,2012-08-01,2012-08-01,1 MG Road
Tokiva Technologies,operating,/organization/tokiva-technologies,http://www.tokiva.com,Mobile,CAN,ON,Toronto,Toronto,2007-09-01,2007.0,2007-09,2007-Q3,1.0,0.0,2007-11-01,2007-11-01,123 Innovation Way
Flash Auto Detailing,operating,/organization/flash-auto-detailing,http://www.flashautodetailing.com,,CAN,BC,BC - Other,Richmond,2011-05-30,2011.0,2011-05,2011-Q2,1.0,1000.0,2014-03-16,2014-03-16,12345 Bridgeport Road
Analyte Health,operating,/organization/analyte-health,https://www.analytehealth.com,Health Care,USA,IL,Chicago,Chicago,2007-01-01,2007.0,2007-01,2007-Q1,5.0,38550000.0,2008-10-31,2012-07-25,200 W Madison St
Kingdom Scene Endeavors,operating,/organization/kingdom-scene-endeavors,http://www.kingdomscene.com,Games,USA,MO,St. Louis,St Louis,2009-01-01,2009.0,2009-01,2009-Q1,4.0,3365000.0,2010-06-01,2014-02-06,1234 Market Street
CiteHealth,operating,/organization/citehealth,http://citehealth.com,Analytics,USA,CO,Denver,Brighton,2007-01-01,2007.0,2007-01,2007-Q1,1.0,768000.0,2007-01-01,2007-01-01,123 Health Way
linkedFA,operating,/organization/linkedfa,http://www.linkedfa.com,Social Media,USA,FL,Ft. Lauderdale,Coral Springs,,,,,1.0,3000000.0,2011-03-22,2011-03-22,1234 Sample Street
Get-n-Post,operating,/organization/get-n-post,http://get-n-post.ru,,,,,San Francisco,,,,,1.0,0.0,2014-01-01,2014-01-01,123 Market Street
JethroData,operating,/organization/jethrodata,http://www.jethrodata.com,Analytics,ISR,,Netanya,Netanya,2012-03-01,2012.0,2012-03,2012-Q1,1.0,4500000.0,2013-02-27,2013-02-27,1 HaSharon Street
Hobzy,operating,/organization/hobzy,http://hobzy.com,E-Commerce,GBR,,GBR - Other,London,2011-01-01,2011.0,2011-01,2011-Q1,2.0,232629.0,2013-08-30,2013-09-02,123 High Street
Ameristream,operating,/organization/ameristream,http://ameristreamlive.com,Entertainment,USA,NY,Long Island,Port Washington,2006-09-06,2006.0,2006-09,2006-Q3,1.0,0.0,2012-04-17,2012-04-17,1 Ameristream Way
Panoratio,operating,/organization/panoratio,http://www.panoratio.com,Software,DEU,,Munich,Munich,2003-01-01,2003.0,2003-01,2003-Q1,4.0,8168723.0,2005-09-14,2012-10-09,1 Panoramastraße
Opera Solutions,operating,/organization/opera-solutions,http://www.operasolutions.com,Predictive Analytics,USA,NJ,Newark,Jersey City,2004-01-01,2004.0,2004-01,2004-Q1,3.0,122199999.0,2011-09-14,2014-10-23,1000 Park Avenue
Booklr,acquired,/organization/booklr,http://www.booklr.com,Analytics,,,,San Francisco,2010-01-01,2010.0,2010-01,2010-Q1,1.0,500000.0,2011-01-01,2011-01-01,123 Market Street
"UICO, LLC",operating,/organization/uico-inc,http://www.uico.com,Technology,USA,IL,Chicago,Elmhurst,,,,,4.0,12400000.0,2008-05-13,2014-01-23,1000 N York St
Crimson Hexagon,operating,/organization/crimson-hexagon,http://crimsonhexagon.com,Social Media Monitoring,USA,MA,Boston,Boston,2007-08-01,2007.0,2007-08,2007-Q3,5.0,11158362.0,2009-09-09,2012-09-28,101 Main Street
Cheers,operating,/organization/cheers,http://chee.rs,Mobile,USA,CA,Los Angeles,Torrance,2011-09-01,2011.0,2011-09,2011-Q3,1.0,2500000.0,2013-03-05,2013-03-05,1234 Hawthorne Blvd
Zify,operating,/organization/zify,http://zify.co,Social Network Media,IND,,Hyderabad,Hyderabad,2014-03-10,2014.0,2014-03,2014-Q1,1.0,16600.0,2014-05-14,2014-05-14,1 Cyber Towers
Sentri,operating,/organization/sentri,http://sentri.me,Home Automation,USA,CA,SF Bay Area,San Francisco,2014-03-27,2014.0,2014-03,2014-Q1,1.0,125000.0,2014-08-12,2014-08-12,100 Spear Street
LightTable,operating,/organization/lighttable,http://www.lighttable.com,Web Development,,,,San Francisco,,,,,1.0,0.0,2012-08-01,2012-08-01,123 Market Street
V2contact,operating,/organization/v2contact,http://www.v2contact.com,,PER,,Lima,Lima,,,,,2.0,60000.0,2014-03-01,2014-06-01,Av. José Larco 812
Popularo,closed,/organization/popularo,http://popularo.com,Social Bookmarking,USA,PA,Philadelphia,Philadelphia,2007-10-15,2007.0,2007-10,2007-Q4,1.0,0.0,2007-11-01,2007-11-01,123 Market Street
Tactical Awareness Beacon Systems,operating,/organization/tactical-awareness-beacon-systems,http://tabscorp.com,Hardware + Software,USA,CT,CT - Other,North Canton,,,,,1.0,500000.0,2013-05-18,2013-05-18,25 Technology Drive
Applied Minerals,operating,/organization/applied-minerals,http://appliedminerals.com,,USA,NY,New York City,New York,,,,,2.0,12500000.0,2013-08-05,2014-11-07,1000 Park Avenue
Map Decisions,operating,/organization/map-decisions,http://mapdecisions.com,Software,USA,PA,Allentown,Bethlehem,2012-05-15,2012.0,2012-05,2012-Q2,1.0,13200.0,2013-08-09,2013-08-09,1234 Main Street
Guardian EMS Products,operating,/organization/guardian-ems-products,http://guardianemsproducts.com,Manufacturing,USA,CA,San Diego,Vista,2011-07-05,2011.0,2011-07,2011-Q3,1.0,575000.0,2011-06-17,2011-06-17,1234 Avenida Del Vista
Integrated Medical Partners,operating,/organization/integrated-medical-partners,http://www.integratedmp.com,Health Care,USA,WI,Milwaukee,Milwaukee,2008-01-01,2008.0,2008-01,2008-Q1,2.0,3000000.0,2010-03-03,2010-09-07,1000 North Water Street
Cardiac Insight,operating,/organization/cardiac-insight,https://www.cardiacinsight.com,Biotechnology,USA,WA,Seattle,Bellevue,2008-01-01,2008.0,2008-01,2008-Q1,6.0,10500249.0,2011-01-07,2014-07-21,1100 112th Avenue NE
Siteminis,operating,/organization/siteminis,http://www.siteminis.com/home.html,Mobile,USA,GA,Atlanta,Marietta,2007-01-01,2007.0,2007-01,2007-Q1,2.0,725000.0,2009-12-31,2011-02-01,1500 Cobb International Blvd NW
Bihu.com,closed,/organization/bihu-com,http://www.bihu.com,Advertising,CHN,,Beijing,Beijing,,,,,1.0,10000000.0,2008-06-09,2008-06-09,No. 1 Wangjing East Road
Comenta TV,closed,/organization/comenta-tv,http://comenta.tv,News,ARG,,Buenos Aires,Buenos Aires,2012-01-01,2012.0,2012-01,2012-Q1,4.0,538062.0,2011-09-01,2013-11-01,Av. Corrientes 1234
StartupBlink,operating,/organization/startupblink,http://startupblink.com,Analytics,CHE,,Zurich,Zürich,,,,,1.0,28000.0,2013-09-15,2013-09-15,1 Startup Avenue
Innovate2,operating,/organization/innovate2,https://www.innovate2.com,Fashion,USA,CA,Ontario - Inland Empire,Rancho Cucamonga,2012-12-01,2012.0,2012-12,2012-Q4,1.0,0.0,2013-10-22,2013-10-22,123 Innovation Way
JDLab,operating,/organization/jdlab,http://www.iueditor.org,Web Development,,,,San Francisco,2013-12-24,2013.0,2013-12,2013-Q4,1.0,1000000.0,2014-01-31,2014-01-31,123 Market Street
Microbial Solutions,operating,/organization/microbial-solutions,http://www.microbialsolutions.co.uk,,GBR,,London,Oxford,2007-12-01,2007.0,2007-12,2007-Q4,1.0,2341991.0,2008-01-22,2008-01-22,1 Oxford Road
Mimix Broadband,acquired,/organization/mimix-broadband,http://www.mimixbroadband.com,Semiconductors,USA,MA,Boston,Lowell,,,,,3.0,18500000.0,2003-11-01,2008-07-17,1001 Pawtucket Boulevard
LucidMedia,acquired,/organization/lucidmedia,http://www.lucidmedia.com,Sales and Marketing,USA,VA,"Washington, D.C.",Reston,1999-01-01,1999.0,1999-01,1999-Q1,3.0,18734312.0,2008-12-04,2011-06-20,11951 Freedom Drive
Greenlots,operating,/organization/greenlots,http://www.greenlots.com,Clean Technology,USA,CA,SF Bay Area,San Francisco,2008-09-01,2008.0,2008-09,2008-Q3,2.0,7000000.0,2008-09-01,2011-06-01,1000 4th Street
FANCY CELLAR - 品庄酒业,operating,/organization/fancycellar,http://www.fancycellar.com,Hospitality,CHN,,Shanghai,Shanghai,2013-01-13,2013.0,2013-01,2013-Q1,1.0,150000.0,2013-01-13,2013-01-13,1234 Huaihai Road
SimpleFi,operating,/organization/simplefi,http://simplefi.org,,,,,San Francisco,2012-08-01,2012.0,2012-08,2012-Q3,1.0,3000000.0,2014-03-01,2014-03-01,123 Main Street
Oriental-Creations,operating,/organization/oriental-creations,http://www.oriental-creations.com,E-Commerce,UZB,,Tashkent,Tashkent,2006-10-17,2006.0,2006-10,2006-Q4,1.0,90000.0,2007-03-05,2007-03-05,1 Amir Temur Avenue
Conferize,operating,/organization/conferize,http://www.conferize.com,Curated Web,DNK,,Copenhagen,Copenhagen,2010-01-01,2010.0,2010-01,2010-Q1,2.0,1330000.0,2012-11-03,2013-09-18,Vesterbrogade 149
AdvanDx,operating,/organization/advandx,http://www.advandx.com,Biotechnology,USA,MA,Boston,Woburn,2002-01-01,2002.0,2002-01,2002-Q1,3.0,22200000.0,2009-10-12,2014-04-08,100 TradeCenter Drive
Axion BioSystems,operating,/organization/axion-biosystems,http://axionbiosystems.com,Biotechnology,USA,GA,Atlanta,Atlanta,,,,,3.0,6308960.0,2009-04-30,2012-05-09,1000 Abernathy Road NE
Organovo Holdings,operating,/organization/organovo-holdings,http://organovo.com,Biotechnology,USA,CA,San Diego,San Diego,,,,,3.0,26352435.0,2011-11-02,2013-01-04,12730 High Bluff Drive
Xalam Investments,operating,/organization/xalam-investments,https://www.xalaminvestments.com,Real Estate,USA,UT,Salt Lake City,South Jordan,2014-08-21,2014.0,2014-08,2014-Q3,1.0,0.0,2014-08-24,2014-08-24,12345 South 2700 West
Kopo Kopo,operating,/organization/kopo-kopo,http://www.kopokopo.com,E-Commerce,KEN,,Nairobi,Nairobi,2010-08-01,2010.0,2010-08,2010-Q3,5.0,6359922.0,2010-08-20,2013-11-12,1234 Kenyatta Avenue
Lendio,operating,/organization/lendio,http://lendio.com,Finance,USA,UT,Salt Lake City,South Jordan,2006-03-15,2006.0,2006-03,2006-Q1,3.0,12500000.0,2011-02-17,2013-08-28,10705 S River Front Pkwy
"Kibboko, Inc.",closed,/organization/kibboko,http://www.kibboko.com,Software,CAN,ON,Toronto,Toronto,2008-06-27,2008.0,2008-06,2008-Q2,1.0,2500000.0,2007-08-14,2007-08-14,123 Kibboko Lane
Lucibel,operating,/organization/lucibel,http://www.lucibel.com,Security,HKG,,Hong Kong,Hong Kong,2008-01-01,2008.0,2008-01,2008-Q1,5.0,33378639.0,2012-06-07,2013-12-19,"18/F, 1 Hysan Avenue"
Prolexic Technologies,acquired,/organization/prolexic,http://www.prolexic.com,Enterprise Software,USA,FL,Ft. Lauderdale,Hollywood,2003-01-01,2003.0,2003-01,2003-Q1,3.0,51900000.0,2011-03-28,2013-07-25,1000 Corporate Drive
Jackson Square Group,operating,/organization/jackson-square-group,http://jacksonsquaregroup.com,Technology,USA,LA,New Orleans,New Orleans,2010-04-01,2010.0,2010-04,2010-Q2,1.0,0.0,2010-07-16,2010-07-16,1234 Jackson Square
Kynogon,closed,/organization/kynogon,http://www.kynogon.com,Software,FRA,,Paris,Suresnes,2000-01-01,2000.0,2000-01,2000-Q1,1.0,3000000.0,2006-01-03,2006-01-03,1 Rue des Fauvelles
Dee's Ventures,operating,/organization/dee-s-ventures,https://www.deesventures.com,Consumer Electronics,USA,NC,Raleigh,Raleigh,2014-09-15,2014.0,2014-09,2014-Q3,1.0,0.0,2014-10-03,2014-10-03,1234 Capital Boulevard
Trex Enterprises,operating,/organization/trex-enterprises,http://trexenterprises.com,Enterprise Software,USA,CA,San Diego,San Diego,,,,,1.0,1680000.0,2011-01-11,2011-01-11,1600 Pacific Coast Highway
Grand Circus,operating,/organization/grand-circus,http://grandcircus.co,Education,USA,MI,Detroit,Detroit,2013-02-01,2013.0,2013-02,2013-Q1,1.0,1250000.0,2013-05-31,2013-05-31,1570 Woodward Avenue
Visicon Technologies,operating,/organization/visicon-technologies,http://www.visicontech.com,,USA,CA,Napa Valley,Napa,2001-01-01,2001.0,2001-01,2001-Q1,1.0,1102000.0,2012-07-01,2012-07-01,1234 Technology Way
Wit Dot Media Inc,operating,/organization/dingdong,http://taptalk.me,Photography,USA,CA,SF Bay Area,San Francisco,2012-01-01,2012.0,2012-01,2012-Q1,1.0,0.0,2013-07-24,2013-07-24,123 Market Street
Evi,acquired,/organization/evi,http://www.evi.com,Mobile,GBR,,London,Cambridge,2005-08-01,2005.0,2005-08,2005-Q3,2.0,5190128.0,2007-09-01,2008-07-29,1 Evi Street
Golfshop Online,operating,/organization/golfshop-online,http://golfshop-online.net,Sports,CHE,,Zurich,Zug,2011-08-20,2011.0,2011-08,2011-Q3,1.0,35000.0,2013-01-01,2013-01-01,Zugerstrasse 10
Scripps Networks Interactive,operating,/organization/scripps-networks-interactive,http://www.scrippsnetworks.com,Curated Web,USA,TN,Knoxville,Knoxville,1994-01-01,1994.0,1994-01,1994-Q1,1.0,10000000.0,2010-03-01,2010-03-01,1180 Drive N.
"Nurture, Inc.",operating,/organization/nurture-inc,http://happyfamilybrands.com,Hospitality,USA,NY,New York City,New York,2006-01-01,2006.0,2006-01,2006-Q1,2.0,7631514.0,2010-12-10,2011-12-02,123 Nurture Lane
Nifti,operating,/organization/nifti,http://nifti.com,Curated Web,USA,MA,Boston,Boston,2012-01-01,2012.0,2012-01,2012-Q1,1.0,800000.0,2013-07-18,2013-07-18,1 Nifti Way
LeisureLogix,closed,/organization/leisurelogix,http://www.roadescapes.com,Maps,USA,FL,Tampa,Tampa,2006-08-01,2006.0,2006-08,2006-Q3,3.0,5900000.0,2007-01-01,2007-01-01,123 Leisure Lane
Energy Solutions International,operating,/organization/energy-solutions-international,http://www.esilighting.com,Clean Technology,USA,MN,Minneapolis,Saint Paul,1992-01-01,1992.0,1992-01,1992-Q1,1.0,9500000.0,2010-06-15,2010-06-15,123 Energy Way
Up My Game,operating,/organization/up-my-game,http://www.upmygame.com,Apps,CAN,NS,Halifax,Halifax,2009-01-31,2009.0,2009-01,2009-Q1,1.0,242718.0,2013-09-13,2013-09-13,1234 Gaming Avenue
PlaySquare,operating,/organization/playsquare,http://playsquare.tv,Mobile,USA,NY,New York City,New York,2011-04-01,2011.0,2011-04,2011-Q2,1.0,660000.0,2013-04-11,2013-04-11,123 PlaySquare Way
Envio Networks,acquired,/organization/envio-networks,http://www.envionetworks.com,E-Commerce,USA,MA,Boston,Andover,,,,,2.0,17000000.0,2006-06-22,2008-04-23,1000 Technology Way
Ad Hoc Labs,operating,/organization/ad-hoc-labs-2,http://burnerapp.com,Mobile,USA,CA,Los Angeles,Los Angeles,2012-08-01,2012.0,2012-08,2012-Q3,2.0,2000000.0,2012-10-18,2013-10-21,1500 S Main St
RehabDev,operating,/organization/rehabdev,https://www.rehabdev.com,Health and Wellness,USA,AZ,Phoenix,Scottsdale,,,,,1.0,25000.0,2012-11-21,2012-11-21,12345 N Scottsdale Rd
regrob.com,operating,/organization/regrob-com,http://www.regrob.com,Real Estate,IND,,New Delhi,Noida,2008-02-08,2008.0,2008-02,2008-Q1,1.0,2000.0,2013-05-30,2013-05-30,"B-1, Sector 63"
Planbox,operating,/organization/planbox,http://www.planbox.com,Enterprise Software,CAN,QC,Montreal,Montréal,2009-09-15,2009.0,2009-09,2009-Q3,1.0,0.0,2009-09-01,2009-09-01,1250 Boulevard Robert-Bourassa
JobApp,operating,/organization/jobapp,http://www.jobappplus.com,Enterprise Software,USA,CO,Denver,Denver,1997-01-01,1997.0,1997-01,1997-Q1,1.0,0.0,2013-01-23,2013-01-23,1234 Market Street
Zila Networks,closed,/organization/zila-networks,http://zilanetworks.com,Mobile,USA,FL,Miami,Miami,2009-07-28,2009.0,2009-07,2009-Q3,1.0,1000000.0,2009-07-28,2009-07-28,1234 NW 78th Street
Mirics Semiconductor,operating,/organization/mirics-semiconductor,http://www.mirics.com,Semiconductors,,,,Cambridge,2004-05-01,2004.0,2004-05,2004-Q2,5.0,52548106.0,2007-08-06,2011-09-20,1 Science Park
Bergen Medical Products,operating,/organization/bergen-medical-products,http://bergenmedicalproducts.com,Medical Professionals,USA,NJ,NJ - Other,Cedar Knolls,,,,,1.0,1634935.0,2014-08-04,2014-08-04,1 Corporate Drive
Hightower,operating,/organization/hightower,http://gethightower.com,Real Estate,USA,NY,New York City,New York,2013-03-01,2013.0,2013-03,2013-Q1,2.0,8620000.0,2013-12-20,2014-08-21,100 Hightower Way
Geosho,operating,/organization/geosho,http://www.geosho.com,Enterprise Software,GBR,,GBR - Other,Caernarfon,2010-03-01,2010.0,2010-03,2010-Q1,1.0,387803.0,2011-01-10,2011-01-10,1 High Street
Community Infopoint,operating,/organization/community-infopoint,http://www.communityinfopoint.com,Digital Signage,GBR,,GBR - Other,London,2009-02-23,2009.0,2009-02,2009-Q1,1.0,29222.0,2009-01-01,2009-01-01,123 High Street
Synarc,operating,/organization/synarc,http://synarc.com,Biotechnology,USA,CA,SF Bay Area,Newark,1998-01-01,1998.0,1998-01,1998-Q1,1.0,5000000.0,2009-06-17,2009-06-17,3900 Cherry Ave
TidePool,operating,/organization/tidepool,http://www.tidepool.co,Curated Web,USA,CA,SF Bay Area,San Francisco,2011-05-03,2011.0,2011-05,2011-Q2,1.0,1500000.0,2012-05-04,2012-05-04,123 Tidepool Way
Optrace,operating,/organization/optrace,http://optrace.ie,Creative Industries,IRL,,Dublin,Dublin,2013-01-01,2013.0,2013-01,2013-Q1,1.0,100000.0,2013-09-01,2013-09-01,123 O'Connell Street
Masterson Industries,operating,/organization/masterson-industries,http://mastersonind.com,Manufacturing,USA,NM,Albuquerque,Albuquerque,2012-01-01,2012.0,2012-01,2012-Q1,1.0,0.0,2013-08-13,2013-08-13,1234 Industrial Way
Twicketer,operating,/organization/twicketer-inc,http://www.twicketer.com,Software,USA,WI,Milwaukee,Racine,2009-10-21,2009.0,2009-10,2009-Q4,1.0,0.0,2012-05-14,2012-05-14,123 Twicketer Way
Transaq,operating,/organization/transaq,http://transaq.ru/en,Hardware + Software,,,,San Francisco,2007-01-01,2007.0,2007-01,2007-Q1,1.0,0.0,2008-06-01,2008-06-01,123 Market Street
PlayerPro,operating,/organization/playerpro,http://www.getplayerpro.com,Social Network Media,GBR,,GBR - Other,London,2012-08-01,2012.0,2012-08,2012-Q3,1.0,110000.0,2013-01-15,2013-01-15,123 Player Street
I2 TELECOM INTERNATIONA,operating,/organization/i2-telecom-internationa,https://www.i2telecom.com,,USA,GA,Atlanta,Roswell,,,,,4.0,5225000.0,2008-10-30,2009-04-27,1000 Holcomb Bridge Road
Caliber Infosolutions,operating,/organization/caliber-infosolutions,http://www.caliberinfosolutions.com,Biotechnology,USA,PA,Pittsburgh,Pittsburgh,,,,,1.0,0.0,2009-02-17,2009-02-17,123 Technology Drive
Chamson Group,operating,/organization/chamson-group,https://www.chamsongroup.com,Security,USA,IL,IL - Other,Collinsville,2011-06-15,2011.0,2011-06,2011-Q2,1.0,0.0,2011-06-15,2011-06-15,123 Main Street
AlleyWatch,operating,/organization/alleywatch,http://alleywatch.com,Startups,USA,NY,New York City,New York,2012-10-01,2012.0,2012-10,2012-Q4,1.0,40000.0,2012-10-15,2012-10-15,100 Broadway
Mezmeriz,operating,/organization/mezmeriz,http://www.mezmeriz.com,Hardware + Software,USA,NY,Elmira,Ithaca,2006-11-20,2006.0,2006-11,2006-Q4,2.0,2097106.0,2010-03-24,2012-02-23,123 Elm Street
Consumer Agent Portal (CAP),closed,/organization/consumer-agent-portal-cap,http://iw.trustedchoice.com,Curated Web,USA,MN,MN - Other,Saint Louis Park,2011-01-01,2011.0,2011-01,2011-Q1,4.0,40600000.0,2011-08-30,2014-04-24,5000 West 36th Street
3Guppies,operating,/organization/3guppies,https://www.3guppies.com,Music,USA,WA,Seattle,Seattle,2003-01-01,2003.0,2003-01,2003-Q1,1.0,20000000.0,2006-04-05,2006-04-05,1234 5th Avenue
EvoApp,closed,/organization/evoapp,http://www.evoapp.com,Customer Service,USA,NC,Raleigh,Durham,2009-01-01,2009.0,2009-01,2009-Q1,3.0,3352194.0,2010-10-15,2012-04-20,123 Innovation Drive
OGIO International,operating,/organization/ogio-international,http://ogio.com,Fashion,USA,UT,Salt Lake City,Salt Lake City,1987-01-01,1987.0,1987-01,1987-Q1,1.0,5000000.0,2009-09-09,2009-09-09,2002 South 5070 West
TabbedOut,operating,/organization/tabbedout,http://www.tabbedout.com,Mobile Payments,USA,TX,Austin,Austin,2009-06-24,2009.0,2009-06,2009-Q2,5.0,17510353.0,2010-01-12,2013-10-04,1000 W 15th St
Kato,operating,/organization/kato,http://kato.im,Business Information Systems,USA,CA,SF Bay Area,Oakland,2013-01-01,2013.0,2013-01,2013-Q1,2.0,1878000.0,2013-05-13,2013-08-01,1234 Broadway
Newsflare,operating,/organization/newsflare,http://www.newsflare.com,Media,GBR,,London,London,2011-01-01,2011.0,2011-01,2011-Q1,1.0,82945.0,2014-03-19,2014-03-19,1-3 The Square
Hot Potato,acquired,/organization/hotpotato,http://www.hotpotato.com,Social Media,USA,NY,New York City,Brooklyn,2009-01-01,2009.0,2009-01,2009-Q1,1.0,1420000.0,2009-11-25,2009-11-25,123 Hot Potato Lane
The Printers Inc,operating,/organization/the-printers-inc,http://www.theprintersinc.co.uk,Printing,,,,Los Angeles,2012-01-01,2012.0,2012-01,2012-Q1,1.0,60824.0,2013-04-01,2013-04-01,123 Printer's Lane
Reputation Institute,operating,/organization/reputation-institute,http://www.reputationinstitute.com,Consulting,USA,NY,New York City,New York,1997-01-01,1997.0,1997-01,1997-Q1,1.0,0.0,2013-05-29,2013-05-29,100 Park Avenue
Hipscan,operating,/organization/hipscan,http://www.hipscan.com,Mobile,USA,CA,SF Bay Area,Menlo Park,2010-12-11,2010.0,2010-12,2010-Q4,1.0,100000.0,2013-01-01,2013-01-01,1000 El Camino Real
PV Evolution Labs,operating,/organization/pv-evolution-labs,https://www.pvevolutionlabs.com,,USA,CA,SF Bay Area,San Francisco,2009-01-01,2009.0,2009-01,2009-Q1,2.0,235000.0,2012-04-01,2012-07-01,1000 Brannan Street
IndianStage,operating,/organization/indianstage,http://indianstage.in,Photography,IND,,Bangalore,Bangalore,,,,,1.0,0.0,2014-02-17,2014-02-17,"1st Floor, 2nd Cross, 2nd Stage, Indiranagar"
Umthunzi,operating,/organization/umthunzi,https://www.umthunzi.com,Medical,USA,AR,Little Rock,Little Rock,2011-01-05,2011.0,2011-01,2011-Q1,1.0,0.0,2011-01-10,2011-01-10,123 Main Street
Pixonic,operating,/organization/pixonic,http://www.pixonic.com,Games,RUS,,Moscow,Moscow,2009-12-15,2009.0,2009-12,2009-Q4,2.0,10000000.0,2011-05-31,2011-10-26,"1st Tverskaya-Yamskaya Street, 27"
Chongqing Jielai Communication,operating,/organization/chongqing-jielai-communication-co-ltd,http://www.qisoe.com/company/10821.html,Communications Infrastructure,CHN,,Chongqing,Chongqing,2005-01-01,2005.0,2005-01,2005-Q1,1.0,438382.0,2008-10-01,2008-10-01,"No. 88, Jiefangbei Street"
Instablogs,acquired,/organization/instablogs,http://www.instablogs.com,Curated Web,USA,NY,New York City,New York,2005-10-05,2005.0,2005-10,2005-Q4,1.0,0.0,2008-05-01,2008-05-01,1234 Broadway
GridGain Systems,operating,/organization/gridgain-systems,http://www.gridgain.com,Analytics,USA,CA,SF Bay Area,Foster City,2005-05-01,2005.0,2005-05,2005-Q2,2.0,12500000.0,2011-12-05,2013-07-29,1000 Seaport Blvd
GamePlan Technologies,operating,/organization/gameplan-technologies,http://www.gogameplan.com,Software,USA,NE,Omaha,Omaha,2005-01-01,2005.0,2005-01,2005-Q1,2.0,3050000.0,2006-04-25,2013-10-16,1234 GamePlan Way
Seafarers CV,operating,/organization/seafarers-cv-ltd,http://www.seafarerscv.com,Networking,CAN,NS,Halifax,Halifax,2013-03-07,2013.0,2013-03,2013-Q1,1.0,0.0,2013-07-27,2013-07-27,123 Waterfront Drive
MOTA Motors,operating,/organization/mota-motors,http://www.mota.com,Automotive,USA,CA,Los Angeles,Venice,2008-02-01,2008.0,2008-02,2008-Q1,3.0,9500000.0,2008-04-22,2011-07-01,1234 Abbot Kinney Blvd
DiaTech Oncology,operating,/organization/diatech-oncology,http://diatech-oncology.com,Biotechnology,USA,TN,Nashville,Brentwood,,,,,1.0,18000000.0,2013-06-04,2013-06-04,1000 Meridian Blvd
Siva Power,operating,/organization/siva-power,http://sivapower.com,Manufacturing,USA,CA,SF Bay Area,San Jose,2006-01-01,2006.0,2006-01,2006-Q1,1.0,15000000.0,2014-06-19,2014-06-19,1230 E Arques Ave
"Anchor ID, Inc.",operating,/organization/anchor-id-inc,http://AnchorID.com,Software,USA,NY,New York City,Kingston,2014-01-01,2014.0,2014-01,2014-Q1,2.0,590000.0,2014-07-02,2014-10-01,123 Anchor Way
RealConnex.com,operating,/organization/realconnex-com,http://www.realconnex.com,Real Estate,,,,Miami,2012-01-01,2012.0,2012-01,2012-Q1,4.0,2450000.0,2012-11-18,2014-06-13,1000 Brickell Avenue
Fieldglass,acquired,/organization/fieldglass,http://www.fieldglass.com,Software,USA,IL,Chicago,Chicago,1999-11-12,1999.0,1999-11,1999-Q4,2.0,173287501.0,2005-01-18,2010-10-26,200 East Randolph Street
TrueAbility,operating,/organization/trueability,http://trueability.com,Enterprise Software,USA,TX,San Antonio,San Antonio,2012-01-01,2012.0,2012-01,2012-Q1,2.0,2750000.0,2012-11-01,2013-07-29,1000 NE Loop 410
VLinks Media,operating,/organization/vlinks-media,http://vlinksmedia.com,Mobile,USA,IL,Chicago,Chicago,,,,,1.0,0.0,2013-02-01,2013-02-01,1234 W Diversey Ave
Locally,operating,/organization/locally,http://locally.fm,Location Based Services,USA,PA,Harrisburg,Lititz,2012-07-15,2012.0,2012-07,2012-Q3,1.0,0.0,2012-07-01,2012-07-01,123 Locust Street
Tolera Therapeutics,operating,/organization/tolera-therapeutics,http://www.tolera.com,Biotechnology,USA,MI,Kalamazoo,Kalamazoo,2007-01-01,2007.0,2007-01,2007-Q1,6.0,12323710.0,2008-06-16,2014-09-17,1500 E Kilgore Rd
Familink,operating,/organization/familink,http://familink.us,,USA,CA,SF Bay Area,East Palo Alto,2012-01-01,2012.0,2012-01,2012-Q1,1.0,48987.0,2013-09-01,2013-09-01,1234 Bay Road
MavenHut,operating,/organization/mavenhut,http://www.mavenhut.com,Facebook Applications,IRL,,Dublin,Dublin,2012-04-01,2012.0,2012-04,2012-Q2,2.0,736443.0,2012-02-26,2012-11-07,5 Harcourt Road
Single Touch Systems,operating,/organization/single-touch-systems,http://www.singletouch.net,Mobile,USA,CA,San Diego,Encinitas,2001-01-01,2001.0,2001-01,2001-Q1,3.0,11169005.0,2010-07-09,2012-10-11,1001 Encinitas Blvd
Silverback Systems,operating,/organization/silverback-systems,https://www.silverbacksystems.com,Web Hosting,USA,CA,SF Bay Area,Campbell,2000-01-01,2000.0,2000-01,2000-Q1,1.0,16000000.0,2006-04-25,2006-04-25,1234 Silverback Way
LegalSherpa,operating,/organization/legalsherpa,http://legal-sherpa.com,Identity,USA,NY,New York City,New York,2010-12-01,2010.0,2010-12,2010-Q4,1.0,50000.0,2010-12-01,2010-12-01,123 Legal Lane
Degreed,operating,/organization/degreed,http://degreed.com,Education,USA,CA,SF Bay Area,San Francisco,2012-03-01,2012.0,2012-03,2012-Q1,2.0,2700000.0,2012-11-30,2014-01-21,100 Spear Street
Open Kernel Labs,acquired,/organization/open-kernel-labs,http://www.ok-labs.com,Enterprises,USA,IL,Chicago,Chicago,2006-01-01,2006.0,2006-01,2006-Q1,6.0,14264323.0,2007-09-13,2012-07-06,200 South Wacker Drive
OnlineSheetMusic,operating,/organization/onlinesheetmusic,http://www.onlinesheetmusic.com,Music,USA,CA,SF Bay Area,Los Altos,2011-01-01,2011.0,2011-01,2011-Q1,2.0,2157896.0,2007-06-18,2013-07-26,123 Main Street
Pacinian,closed,/organization/pacinian,http://www.pacinian.com,Hardware + Software,USA,WA,Spokane,Spokane,2007-04-01,2007.0,2007-04,2007-Q2,1.0,350000.0,2008-12-01,2008-12-01,123 Pacific Avenue
Unruly ®,operating,/organization/unruly-media,http://www.unruly.co,Technology,GBR,,London,London,2006-01-01,2006.0,2006-01,2006-Q1,1.0,25000000.0,2012-01-03,2012-01-03,"1-3, 1st Floor, 1-3, 1st Floor, 1-3, 1st Floor, 1-3, 1-3, 1-3, 1-3,"
iStyle Inc.,operating,/organization/istyle-kk,http://istyle.co.jp,Beauty,JPN,,Tokyo,Tokyo,1999-07-27,1999.0,1999-07,1999-Q3,1.0,0.0,2003-10-17,2003-10-17,1-1-1 Marunouchi
Dapu.com,operating,/organization/dapu-com,http://dapu.com,E-Commerce,CHN,,Beijing,Beijing,,,,,1.0,3000000.0,2013-01-10,2013-01-10,1 Wangjing East Road
Bia,operating,/organization/bia,http://www.bia-sport.com,Health and Wellness,USA,CA,Los Angeles,Manhattan Beach,2012-01-01,2012.0,2012-01,2012-Q1,3.0,1900000.0,2012-07-14,2014-04-30,1230 Rosecrans Avenue
Adama Innovations,operating,/organization/adama-innovations,http://adamainnovations.com,,IRL,,Dublin,Dublin,,,,,2.0,1038955.0,2013-09-01,2014-11-03,10-12 O'Connell Street
Bionomics,operating,/organization/bionomics,http://www.bionomics.com.au,Biotechnology,AUS,,AUS - Other,Thebarton,1999-01-01,1999.0,1999-01,1999-Q1,2.0,20469183.0,2009-09-03,2012-09-27,1 Bionomics Way
Darwin Lab,operating,/organization/darwin-lab,https://www.darwinlab.com,,CHL,,Santiago,Santiago,,,,,1.0,40000.0,2014-06-01,2014-06-01,1234 Innovation Avenue
Semmle Capital Partners,operating,/organization/semmle-capital-partners,https://www.semmlecapitalpartners.com,,USA,CA,SF Bay Area,San Francisco,,,,,1.0,1000000.0,2011-12-05,2011-12-05,100 Spear Street
Contactually,operating,/organization/contactually,http://www.contactually.com,Email,USA,DC,"Washington, D.C.",Washington,2011-07-01,2011.0,2011-07,2011-Q3,4.0,4000000.0,2011-10-26,2014-11-04,1000 N Capitol St NE
eOn Communications,operating,/organization/eon-communications,http://eoncc.com,Mobile,USA,MS,Tupelo,Corinth,1991-01-01,1991.0,1991-01,1991-Q1,1.0,2750000.0,2013-12-31,2013-12-31,123 Commerce Street
Lecturio,operating,/organization/lecturio,http://www.lecturio.de,Education,DEU,,Leipzig,Leipzig,2008-01-01,2008.0,2008-01,2008-Q1,1.0,3859800.0,2014-01-20,2014-01-20,1 Neumarkt
EvolveMol,operating,/organization/evolvemol,http://www.evolvemol.com,Biotechnology,USA,CA,SF Bay Area,Berkeley,,,,,1.0,40000.0,2011-07-20,2011-07-20,1234 University Avenue
Chirply,operating,/organization/chirply,http://www.chirply.com,Social Media,USA,CA,SF Bay Area,San Francisco,2010-01-01,2010.0,2010-01,2010-Q1,1.0,1100000.0,2011-04-07,2011-04-07,123 Market Street
Organic Motion,operating,/organization/organic-motion,http://organicmotion.com,Software,USA,NY,New York City,New York,2006-01-01,2006.0,2006-01,2006-Q1,3.0,10384999.0,2009-10-22,2013-02-26,1001 Avenue of the Americas
BIO-PATH HOLDINGS,operating,/organization/bio-path-holdings,http://www.biopathholdings.com,Biotechnology,USA,TX,Houston,Houston,2011-01-01,2011.0,2011-01,2011-Q1,4.0,2317000.0,2010-06-02,2013-05-03,4400 Post Oak Parkway
Ella Health,operating,/organization/ella-health,http://www.ellahealth.com,Health and Wellness,USA,CA,SF Bay Area,San Francisco,2011-01-01,2011.0,2011-01,2011-Q1,2.0,7100000.0,2012-06-19,2013-08-12,100 Spear Street
Skyway Software,closed,/organization/skyway-software,http://www.skywaysoftware.com,Software,USA,FL,Tampa,Tampa,2001-01-01,2001.0,2001-01,2001-Q1,1.0,4000000.0,2007-05-16,2007-05-16,123 Skyway Drive
ESL Consulting,operating,/organization/esl-consulting,https://www.eslconsulting.com,Real Estate,USA,FL,Tampa,Largo,2014-06-13,2014.0,2014-06,2014-Q2,1.0,2000000.0,2014-06-13,2014-06-13,1234 Enterprise Way
Accent,operating,/organization/accent,http://www.accent-soc.com,Semiconductors,BRA,,Itá,Itá,,,,,2.0,20209960.0,2006-07-17,2010-10-12,"Rua 7 de Setembro, 123"
Global Data Management Software,operating,/organization/global-data-management-software,https://www.globaldatamanagementsoftware.com,Software,USA,MA,Boston,Boston,2010-01-01,2010.0,2010-01,2010-Q1,1.0,300000.0,2010-05-07,2010-05-07,123 Data Drive
Sequenta,operating,/organization/sequenta,http://www.sequenta.com,Biotechnology,USA,CA,SF Bay Area,San Francisco,2008-01-01,2008.0,2008-01,2008-Q1,4.0,41460000.0,2010-12-08,2014-10-20,1 Market Street
Innoveer Solutions (now Cloud Sherpas),acquired,/organization/innoveer-solutions,http://www.innoveer.com,Enterprise Software,USA,MA,Boston,Boston,1998-01-01,1998.0,1998-01,1998-Q1,1.0,1900000.0,2012-02-22,2012-02-22,1 Beacon Street
proteonomix,operating,/organization/proteonomix,http://proteonomix.com,Biotechnology,USA,NJ,Newark,Hawthorne,1995-01-01,1995.0,1995-01,1995-Q1,1.0,3804991.0,2012-03-21,2012-03-21,1 Proteonomix Way
The Deal Fair,operating,/organization/the-deal-fair,http://thedealfair.com,E-Commerce,USA,PA,Philadelphia,Havertown,2011-03-30,2011.0,2011-03,2011-Q1,1.0,70000.0,2011-03-30,2011-03-30,1234 West Chester Pike
E.M.A.R.C.,operating,/organization/e-m-a-r-c,http://www.emarc.it,Manufacturing,,,,Detroit,,,,,1.0,10000000.0,2012-07-16,2012-07-16,1234 Woodward Avenue
Sira Group,operating,/organization/sira-group,http://www.siragroup.it,Web Hosting,ITA,,ITA - Other,Castignano,,,,,1.0,15398400.0,2012-01-05,2012-01-05,Via Roma 12
24Fundraiser.com,operating,/organization/24fundraiser-com,http://www.24Fundraiser.com,Social Fundraising,USA,IL,Chicago,Willowbrook,2007-08-01,2007.0,2007-08,2007-Q3,1.0,400000.0,2014-05-01,2014-05-01,24W 101st Street
Ambassador,operating,/organization/ambassador,http://getambassador.com,Software,USA,MI,Detroit,Royal Oak,2010-01-01,2010.0,2010-01,2010-Q1,4.0,18000.0,2011-01-01,2012-02-01,2000 N Main Street
Canevaflor,operating,/organization/canevaflor,http://www.canevaflor.com,Clean Technology,FRA,,Franche-Comte,Besançon,2000-01-01,2000.0,2000-01,2000-Q1,1.0,1666000.0,2009-06-19,2009-06-19,12 Rue de la République
docBeat,operating,/organization/docbeat,http://docbeat.co,Software,USA,NV,Las Vegas,Las Vegas,2010-01-01,2010.0,2010-01,2010-Q1,1.0,1100000.0,2013-11-13,2013-11-13,1234 Technology Way
Tencho Technology,closed,/organization/tencho-technology,http://www.tenchotech.com,Enterprise Software,CHN,,Guangdong,Guangdong,,,,,1.0,14650000.0,2009-10-20,2009-10-20,100 Innovation Road
Appiness Inc,operating,/organization/appiness-inc,https://www.appiness.com,Mobile,USA,CA,San Diego,San Diego,2014-09-01,2014.0,2014-09,2014-Q3,1.0,200000.0,2014-09-01,2014-09-01,123 Innovation Way
Skylight Healthcare Systems,operating,/organization/skylight-healthcare-systems,http://www.skylight.com,Health and Wellness,USA,CA,San Diego,San Diego,1999-01-01,1999.0,1999-01,1999-Q1,4.0,15950000.0,2002-10-25,2013-07-23,1010 University Avenue
Vertical Performance Partners,acquired,/organization/vertical-performance-partners,http://www.verticalpp.com,Mobile,USA,RI,Providence,Providence,,,,,1.0,1500000.0,2011-12-06,2011-12-06,100 Westminster Street
emids,operating,/organization/emids,http://www.emids.com,Software,USA,TN,Nashville,Nashville,1999-01-01,1999.0,1999-01,1999-Q1,1.0,13300000.0,2013-12-06,2013-12-06,1000 Church Street
Differential Dynamics,operating,/organization/differential-dynamics,http://ddmotion.com,,USA,MD,Baltimore,Owings Mills,2005-01-01,2005.0,2005-01,2005-Q1,2.0,1177822.0,2014-05-13,2014-06-12,1000 Technology Drive
AutoVirt,closed,/organization/autovirt,http://www.autovirt.com,Software,USA,NH,"Manchester, New Hampshire",Nashua,2007-01-01,2007.0,2007-01,2007-Q1,7.0,24300000.0,2007-01-01,2011-05-24,2 Technology Drive
Full Circle CRM,operating,/organization/full-circle-crm,http://fullcirclecrm.com,Software,USA,CA,SF Bay Area,San Mateo,2010-12-31,2010.0,2010-12,2010-Q4,2.0,4300000.0,2012-09-13,2014-11-12,1234 Bay Road
Grady Health System,operating,/organization/grady-health-system,http://www.gradyhealth.org,Health and Wellness,USA,GA,Atlanta,Atlanta,1892-01-01,,,,1.0,50000000.0,2014-09-29,2014-09-29,80 Jesse Hill Jr Dr SE
NovaShunt,closed,/organization/novashunt,http://novashunt.ch,Health Care,GBR,,Cheshire,Chester,,,,,1.0,25000000.0,2011-03-09,2011-03-09,1 Innovation Way
AB Microfinance Bank Nigeria,operating,/organization/ab-microfinance-bank-nigeria,http://ab-mfbnigeria.com,Finance,NGA,,Lagos,Lagos,,,,,1.0,4900000.0,2014-02-19,2014-02-19,1 Akin Adesola Street
IMVU,operating,/organization/imvu,http://www.imvu.com,Social Media,USA,CA,SF Bay Area,Mountain View,2004-01-01,2004.0,2004-01,2004-Q1,4.0,29000000.0,2006-02-01,2009-01-22,1000 E El Camino Real
Stroz Friedberg,operating,/organization/stroz-friedberg,http://www.strozfriedberg.com,Consulting,USA,NY,New York City,New York,2000-01-01,2000.0,2000-01,2000-Q1,1.0,30000000.0,2007-01-09,2007-01-09,100 Park Avenue
Bon-Bon Crepes of America,operating,/organization/bon-bon-crepes-of-america,http://cdgonzal.wix.com/bonboncrepes,Hospitality,USA,FL,Miami,Aventura,2014-01-21,2014.0,2014-01,2014-Q1,1.0,3500.0,2014-01-21,2014-01-21,19200 NE 29th Ave
Liberty Ammunition,operating,/organization/liberty-ammunition,http://libertyammunition.com,Manufacturing,USA,FL,Sarasota - Bradenton,Bradenton,,,,,1.0,900000.0,2011-01-01,2011-01-01,1001 6th Avenue East
BlogRadio,closed,/organization/blogradio,http://www.podblogr.com,Mobile,USA,CA,San Diego,El Cajon,2009-01-01,2009.0,2009-01,2009-Q1,1.0,0.0,2009-12-01,2009-12-01,1234 BlogRadio Way
Anita Margarita,operating,/organization/anita-margarita,http://anitamargarita.com,Craft Beer,USA,IL,Chicago,Homewood,2011-05-01,2011.0,2011-05,2011-Q2,1.0,20454.0,2014-02-10,2014-02-10,18300 Dixie Highway
Robotronica,closed,/organization/robotronica,http://robotronicsystems.com,,RUS,,Moscow,Moscow,,,,,1.0,155000.0,2013-08-01,2013-08-01,1 Tverskaya Street
Mojo Labs Co.,closed,/organization/mojo-labs-co,http://www.mojolabs.ca,Apps,CAN,NS,Halifax,Halifax,2010-04-06,2010.0,2010-04,2010-Q2,2.0,34468.0,2010-08-07,2010-10-14,123 Innovation Drive
Chrono24.com,operating,/organization/chrono24-com,http://www.chrono24.com,Fashion,DEU,,Frankfurt,Karlsruhe,2003-08-01,2003.0,2003-08,2003-Q3,2.0,0.0,2010-02-25,2014-04-01,Kaiserstraße 100
Polyplus-transfection,operating,/organization/polyplus-transfection,http://www.polyplus-transfection.com,Biotechnology,FRA,,Illkirch-graffenstaden,Illkirch-graffenstaden,,,,,1.0,3237000.0,2011-01-11,2011-01-11,1 Rue de l'Innovation
wpXtreme,operating,/organization/wpxtreme,http://wpxtre.me,Cloud Computing,USA,MA,Boston,Boston,2012-08-01,2012.0,2012-08,2012-Q3,2.0,132000.0,2012-08-10,2013-11-10,123 Innovation Way
emotion.me,operating,/organization/emotion-me,http://emotion.me,Subscription Businesses,BRA,,Rio de Janeiro,Rio De Janeiro,2012-07-01,2012.0,2012-07,2012-Q3,3.0,975000.0,2012-05-01,2014-02-26,"Avenida Rio Branco, 123"
MONOQI,operating,/organization/monoqi,http://monoqi.com,Design,DEU,,Berlin,Berlin,2011-01-01,2011.0,2011-01,2011-Q1,1.0,0.0,2012-08-21,2012-08-21,Kreuzbergstraße 30
shopkick,acquired,/organization/shopkick,http://shopkick.com,Social Media,USA,CA,SF Bay Area,Redwood City,2009-06-01,2009.0,2009-06,2009-Q2,3.0,20000000.0,2009-07-14,2010-07-14,1000 Seaport Blvd
Dreamstreet Golf,operating,/organization/dreamstreet-golf,http://www.dreamstreetgolf.com,Sports,USA,NY,New York City,Monroe,2009-01-01,2009.0,2009-01,2009-Q1,1.0,40000.0,2010-03-19,2010-03-19,123 Dream Street
THERAVECTYS,operating,/organization/theravectys,http://www.theravectys.com,Biotechnology,FRA,,Paris,Paris,2005-01-01,2005.0,2005-01,2005-Q1,2.0,28322112.0,2012-09-04,2013-10-16,12 Rue de la Rochefoucauld
Sonendo,operating,/organization/sonendo,http://www.sonendo.com,Biotechnology,USA,CA,Los Angeles,Laguna Hills,2006-06-01,2006.0,2006-06,2006-Q2,7.0,79349874.0,2008-11-26,2014-09-04,3 Spectrum Pointe Drive
Pager,operating,/organization/pager,http://getpager.com,Technology,USA,NY,New York City,New York,2014-05-01,2014.0,2014-05,2014-Q2,1.0,4500000.0,2014-05-01,2014-05-01,1001 Avenue of the Americas
Votizen,acquired,/organization/votizen,http://www.votizen.com,Law Enforcement,USA,CA,SF Bay Area,Mountain View,2009-03-19,2009.0,2009-03,2009-Q1,2.0,2250000.0,2010-09-23,2012-02-24,800 West El Camino Real
Good Times Restaurants,operating,/organization/good-times-restaurants,http://goodtimesburgers.com,Hospitality,USA,CO,Denver,Golden,1992-01-01,1992.0,1992-01,1992-Q1,1.0,5500000.0,2013-08-21,2013-08-21,10101 W 26th Ave
FEMA Guides,operating,/organization/fema-guides,http://femaguides.com,Education,USA,NY,NY - Other,South Richmond Hill,2013-01-15,2013.0,2013-01,2013-Q1,1.0,0.0,2014-03-02,2014-03-02,12345 Liberty Avenue
Buku Sisa KIta Social Campaign,operating,/organization/buku-sisa-kita-social-campaign,http://bukusisakita.com,,IDN,,Surabaya,Surabaya,,,,,1.0,1000.0,2013-12-09,2013-12-09,Jl. Raya Darmo 18
KnowRe,operating,/organization/knowre,http://www.knowre.com,Education,USA,NY,New York City,New York,2012-01-01,2012.0,2012-01,2012-Q1,3.0,8600000.0,2012-03-01,2014-10-22,100 Park Avenue
CipherMax,closed,/organization/ciphermax,http://www.CipherMaxInc.com,Security,USA,CA,SF Bay Area,San Jose,2000-01-01,2000.0,2000-01,2000-Q1,8.0,141535713.0,2001-05-08,2007-02-25,1234 Innovation Way
Seekly,operating,/organization/seekly,http://seek.ly,Curated Web,,,,San Francisco,2011-08-01,2011.0,2011-08,2011-Q3,1.0,19000.0,2012-01-01,2012-01-01,123 Market Street
SemiNex,operating,/organization/seminex,http://www.seminex.com,Semiconductors,USA,MA,Boston,Peabody,2003-04-01,2003.0,2003-04,2003-Q2,2.0,839766.0,2009-08-05,2011-08-11,1 Technology Drive
VisConPro,operating,/organization/visconpro,http://www.fotoLibra.com,E-Commerce,GBR,,GBR - Other,Harlech,2002-04-18,2002.0,2002-04,2002-Q2,1.0,480741.0,2004-12-09,2004-12-09,1 Castle Street
Snocap,acquired,/organization/snocap,http://snocap.com,Games,USA,CA,SF Bay Area,San Francisco,,,,,3.0,25000000.0,2002-01-01,2006-03-01,100 Spear Street
Igloo Vision,operating,/organization/igloo-vision,http://www.igloovision.com,Games,GBR,,Shropshire,Shrewsbury,,,,,1.0,410423.0,2011-06-16,2011-06-16,1 The Square
MobileDataforce,operating,/organization/mobiledataforce,http://www.mobiledataforce.com,Enterprise Software,USA,ID,ID - Other,Meridian,2000-01-01,2000.0,2000-01,2000-Q1,1.0,1000000.0,2006-05-18,2006-05-18,1230 E Ironwood Dr
Shut Down,operating,/organization/shut-down,http://ShutDownApparel.com,E-Commerce,USA,CO,Denver,Littleton,2013-04-11,2013.0,2013-04,2013-Q2,1.0,0.0,2013-10-12,2013-10-12,1234 W Littleton Blvd
Innara Health,operating,/organization/innara-health,http://www.innarahealth.com,,USA,KS,Kansas City,Olathe,,,,,1.0,170000.0,2013-01-30,2013-01-30,15000 W 116th St
Oasmia Pharmaceutical,closed,/organization/oasmia-pharmaceutical,http://www.oasmia.com,Biotechnology,SWE,,Stockholm,Uppsala,,,,,1.0,10198952.0,2010-07-22,2010-07-22,"1 Oasmia Pharmaceutical AB, Uppsala Science Park, 751 83 Uppsala, Sweden"
SeniorLiving.Net,acquired,/organization/seniorliving-net,http://www.seniorliving.net,,,,,Atlanta,,,,,1.0,0.0,2010-11-01,2010-11-01,123 Senior Living Way
MemberPlanet,operating,/organization/memberplanet,http://memberplanet.com,Software,USA,CA,Los Angeles,Torrance,2011-01-01,2011.0,2011-01,2011-Q1,1.0,2500000.0,2013-09-26,2013-09-26,21250 Hawthorne Blvd
5to1,acquired,/organization/5to1,http://www.5to1.com,Internet Marketing,USA,WA,Seattle,Seattle,2009-01-01,2009.0,2009-01,2009-Q1,4.0,17129760.0,2009-06-17,2010-11-10,12345 5th Avenue
Meal Ticket,operating,/organization/meal-ticket,http://getmealticket.com,Restaurants,USA,ID,Boise,Boise,2009-11-01,2009.0,2009-11,2009-Q4,8.0,1728000.0,2011-08-01,2013-12-01,123 Main Street
inkSIG Digital,operating,/organization/inksig-digital,http://www.chicago.inksig.com,E-Commerce,USA,MN,Minneapolis,Minneapolis,1993-01-01,1993.0,1993-01,1993-Q1,2.0,390000.0,2012-01-01,2013-08-18,1234 Technology Way
Asymchem Laboratories (Tianjin),operating,/organization/asymchem-laboratories-tianjin,http://www.asymchem.com,Medical,USA,NC,Raleigh,Morrisville,1998-01-01,1998.0,1998-01,1998-Q1,1.0,0.0,2011-08-01,2011-08-01,1000 Technology Drive
X2 Biosystems,operating,/organization/x2-biosystems,http://x2biosystems.com,Health Care,USA,WA,Seattle,Seattle,2010-01-01,2010.0,2010-01,2010-Q1,7.0,18023021.0,2011-05-17,2014-11-26,1100 2nd Avenue
ironSource,operating,/organization/ironsource,http://www.ironsrc.com,Software,ISR,,Tel Aviv,Tel Aviv,2010-01-01,2010.0,2010-01,2010-Q1,1.0,85000000.0,2014-08-11,2014-08-11,8 Aharonovich Street
Manicube,operating,/organization/manicube,http://manicube.com,Consulting,USA,NY,New York City,New York,2012-01-01,2012.0,2012-01,2012-Q1,1.0,5000000.0,2014-04-14,2014-04-14,100 Wall Street
VMG Media,operating,/organization/vmg-media,http://vmgmedia.vn,Games,VNM,,Hanoi,Hanoi,2006-01-01,2006.0,2006-01,2006-Q1,1.0,0.0,2010-04-04,2010-04-04,10 Nguyen Khac Nhu
ANDalyze,operating,/organization/andalyze,http://andalyze.com,Water Purification,USA,IL,"Springfield, Illinois",Champaign,2005-01-01,2005.0,2005-01,2005-Q1,3.0,2277608.0,2012-01-31,2013-06-27,1001 East University Avenue
Rollad,closed,/organization/rollad,http://rollad.ru,,RUS,,Moscow,Moscow,,,,,1.0,800000.0,2012-05-01,2012-05-01,1 Tverskaya Street
PresenceLearning,operating,/organization/presencelearning,http://presencelearning.com,Education,USA,CA,SF Bay Area,San Francisco,2009-01-01,2009.0,2009-01,2009-Q1,1.0,8000000.0,2013-04-26,2013-04-26,100 Spear Street
SunCoast Renewable Energy,operating,/organization/suncoast-renewable-energy,https://www.suncoastrenewableenergy.com,Clean Technology,CAN,ON,Windsor,Windsor,2012-01-01,2012.0,2012-01,2012-Q1,1.0,25000.0,2014-08-05,2014-08-05,123 Solar Way
HealthSpring,acquired,/organization/healthspring,http://www.healthspring.com,Hospitals,USA,TN,Nashville,Franklin,2000-01-01,2000.0,2000-01,2000-Q1,1.0,3700000.0,2013-06-19,2013-06-19,100 HealthSpring Drive
Kaufmann Mercantile,operating,/organization/kaufmann-mercantile,http://kaufmann-mercantile.com,E-Commerce,USA,NY,New York City,New York,2009-10-26,2009.0,2009-10,2009-Q4,2.0,3200000.0,2014-01-01,2014-11-20,1000 Dean Street
BCM Solutions,closed,/organization/bcm-solutions,http://www.bcm-solutions.co.uk,Mobile,,,,Austin,2009-01-01,2009.0,2009-01,2009-Q1,1.0,0.0,2014-04-29,2014-04-29,123 Innovation Drive
Tu Otro Super,operating,/organization/tu-otro-super,https://www.tuotrosuper.com,E-Commerce,,,,Madrid,,,,,1.0,261260.0,2012-10-22,2012-10-22,Calle de Vallehermoso 79
AGLOGIC,operating,/organization/aglogic,http://www.aglogic.net,Mobile,CHN,,Shenzhen,Shenzhen,1995-02-22,1995.0,1995-02,1995-Q1,2.0,2500000.0,2008-10-10,2010-09-01,1 Innovation Road
Debteye,closed,/organization/debteye,http://www.debteye.com,Software,USA,IL,Chicago,Chicago,2010-01-01,2010.0,2010-01,2010-Q1,1.0,0.0,2011-08-02,2011-08-02,1234 W Diversey Ave
Phrixus Pharmaceuticals,operating,/organization/phrixus-pharmaceuticals,http://phrixuspharmaceuticals.com,Biotechnology,USA,MI,Detroit,Ann Arbor,2006-01-01,2006.0,2006-01,2006-Q1,1.0,100000.0,2013-10-09,2013-10-09,1234 Pharma Way
Agrar33,operating,/organization/agrar33,http://www.agrar33.de,E-Commerce,DEU,,DEU - Other,Paderborn,2013-06-01,2013.0,2013-06,2013-Q2,1.0,1000000.0,2013-06-01,2013-06-01,33 Agrarstraße
TransLattice,operating,/organization/translattice,http://www.TransLattice.com,Public Transportation,USA,CA,SF Bay Area,Santa Clara,2007-01-01,2007.0,2007-01,2007-Q1,2.0,19026410.0,2008-08-05,2010-11-01,1230 Oakmead Parkway
Trans Tasman Resources,operating,/organization/trans-tasman-resources,http://www.ttrl.co.nz,Clean Technology,NZL,,Wellington,Wellington,2007-01-01,2007.0,2007-01,2007-Q1,1.0,11200000.0,2013-11-27,2013-11-27,"Level 1, 3-5 The Terrace"
Shipizy,operating,/organization/shipizy,http://www.shipizy.com,World Domination,PRT,,Lisbon,Lisbon,2012-09-10,2012.0,2012-09,2012-Q3,1.0,33350.0,2013-10-23,2013-10-23,Rua da Prata 45
LinkCloud,closed,/organization/linkcloud,http://www.linkcloud.org,Advertising,DEU,,Frankfurt,Würzburg,2010-05-01,2010.0,2010-05,2010-Q2,1.0,133150.0,2010-05-01,2010-05-01,1 Cloud Avenue
Playdemic,acquired,/organization/playdemic,http://www.playdemic.com,Games,GBR,,Cheshire,Knutsford,2010-01-01,2010.0,2010-01,2010-Q1,2.0,4378812.0,2012-08-20,2013-10-11,"1st Floor, 3-5 King Street"
Sword Diagnostics,operating,/organization/sword-diagnostics,http://www.sworddiagnostics.com,Biotechnology,USA,IL,Chicago,Summit Argo,,,,,5.0,5300802.0,2005-04-01,2012-12-28,1234 Archer Avenue
Blade Games World,closed,/organization/blade-games-world,http://www.jumala.com,Games,USA,WA,Seattle,Bellevue,2004-02-01,2004.0,2004-02,2004-Q1,2.0,5926462.0,2009-04-17,2009-11-20,123 Gaming Avenue
Videonetics Technologies,operating,/organization/videonetics-technologies,http://www.videonetics.com,Video Streaming,IND,,Kolkata,Kolkata,,,,,1.0,0.0,2014-06-25,2014-06-25,"1/1, 1st Floor, 1st Lane, Kankurgachi"
Axenic Dental,operating,/organization/axenic-dental,https://www.axenicdental.com,Health Care,USA,MI,Kalamazoo,Kalamazoo,,,,,3.0,3694598.0,2009-09-04,2013-11-01,1234 Portage Street
Hemophilia Resources of America,operating,/organization/hemophilia-resources-of-america,https://www.hemophiliaresourcesofamerica.org,,USA,NJ,NJ - Other,Pine Brook,1993-01-01,1993.0,1993-01,1993-Q1,1.0,0.0,1999-12-20,1999-12-20,1 Hemophilia Way
TSAT Group,operating,/organization/tsat-group,http://www.tsatgroup.com,Manufacturing,ARE,,Dubai,Dubai,2013-10-03,2013.0,2013-10,2013-Q4,1.0,50000.0,2013-10-30,2013-10-30,123 Business Bay Road
Get Smart Content,operating,/organization/get-smart-content,http://www.getsmartcontent.com,Optimization,USA,TX,Austin,Austin,2011-11-01,2011.0,2011-11,2011-Q4,1.0,2195948.0,2014-07-11,2014-07-11,1000 W 15th St
Purple Labs,acquired,/organization/purple-labs,http://www.purplelabs.com,Mobile,CHE,,Dubendorf,Dubendorf,2001-01-01,2001.0,2001-01,2001-Q1,1.0,12670000.0,2007-09-24,2007-09-24,1 Innovation Way
GetOutfitted,operating,/organization/getoutfitted,http://www.getoutfitted.com,E-Commerce,,,,Denver,2013-04-15,2013.0,2013-04,2013-Q2,2.0,273137.0,2013-10-01,2014-01-16,1234 W 6th Ave
Greenplum Software,acquired,/organization/greenplum,http://www.greenplum.com,Big Data,USA,CA,SF Bay Area,San Mateo,2003-06-01,2003.0,2003-06,2003-Q2,5.0,92899155.0,2006-03-01,2009-03-17,1000 Park Drive
Image Socket,operating,/organization/image-socket,http://www.imagesocket.com,Web Hosting,USA,NY,New York City,New York,,,,,2.0,18000.0,2007-09-23,2011-01-15,123 Main Street
Webdyn,operating,/organization/webdyn,http://www.webdyn.com,Hardware + Software,FRA,,Paris,Saint-germain-en-laye,,,,,1.0,1910000.0,2010-09-09,2010-09-09,12 Rue de la République
Drillster,operating,/organization/drillster,http://www.drillster.com,Education,NLD,,Utrecht,Vleuten,2010-05-01,2010.0,2010-05,2010-Q2,1.0,428550.0,2011-09-01,2011-09-01,Vleutenseweg 1
Mena Cleantech,operating,/organization/mena-cleantech,https://www.menacleantech.com,,,,,San Francisco,,,,,1.0,0.0,2010-07-06,2010-07-06,123 Clean Energy Way
hyaqu,closed,/organization/hyaqu,http://www.hyaqu.com,E-Commerce,USA,OR,"Portland, Oregon",Lake Oswego,2011-07-25,2011.0,2011-07,2011-Q3,1.0,500000.0,2011-06-25,2011-06-25,12345 SW 68th Parkway
Newlight Technologies,operating,/organization/newlight-technologies,http://newlight.com,Clean Technology,USA,CA,Anaheim,Irvine,2003-01-01,2003.0,2003-01,2003-Q1,1.0,9200000.0,2014-04-02,2014-04-02,123 Innovation Way
Sensegon,operating,/organization/sensegon,http://www.sensegon.com,Sales and Marketing,ISR,,Tel Aviv,Ra'anana,2010-01-20,2010.0,2010-01,2010-Q1,5.0,3350000.0,2010-02-01,2013-12-01,1 HaSharon Street
WayConnected,closed,/organization/wayconnected,http://wayconnected.com,Curated Web,USA,CO,Denver,Golden,2010-02-01,2010.0,2010-02,2010-Q1,1.0,0.0,2010-01-01,2010-01-01,123 Innovation Drive
SpumeNews,operating,/organization/spumenews,http://spumenews.com,,,,,New York,,,,,1.0,22091.0,2014-04-01,2014-04-01,123 Main Street
Frengo,operating,/organization/frengo,http://www.frengo.com,Social Media,USA,CA,SF Bay Area,San Mateo,,,,,2.0,8000000.0,2006-12-01,2007-05-03,1234 Bay Road
NinthDecimal,operating,/organization/ninthdecimal,http://www.ninthdecimal.com,Direct Marketing,USA,CA,SF Bay Area,San Francisco,2003-03-20,2003.0,2003-03,2003-Q1,6.0,49256256.0,2006-05-17,2014-10-15,100 Spear Street
Solexa,operating,/organization/solexa,https://www.solexa.com,Biotechnology,USA,CA,SF Bay Area,Hayward,,,,,3.0,172500000.0,2005-04-22,2006-09-20,1234 Industrial Parkway
Giftango,acquired,/organization/giftango,http://www.giftango.com,Mobile,USA,OR,"Portland, Oregon",Portland,2005-06-25,2005.0,2005-06,2005-Q2,2.0,6400000.0,2009-10-01,2010-10-07,1000 SW Broadway
Xcell Medical,operating,/organization/xcell-medical,https://www.xcellmedical.com,,USA,FL,Ft. Lauderdale,Pompano Beach,2014-06-25,2014.0,2014-06,2014-Q2,1.0,165500.0,2014-06-09,2014-06-09,1234 Medical Way
Bango,operating,/organization/bango,http://www.bango.com,Mobile,GBR,,London,Cambridge,1999-10-01,1999.0,1999-10,1999-Q4,1.0,10200000.0,2013-02-08,2013-02-08,Bango is located at 1-3 St. John's Innovation Park.
Zipongo,operating,/organization/zipongo,http://www.zipongo.com,Health Care,USA,CA,SF Bay Area,San Francisco,2010-03-12,2010.0,2010-03,2010-Q1,3.0,3528000.0,2012-07-25,2012-10-01,100 Spear Street
Spotzer,operating,/organization/spotzer-2,http://www.getspotzer.com,,,,,Amsterdam,,,,,1.0,0.0,2014-01-01,2014-01-01,Keizersgracht 62
Global Silicon,operating,/organization/global-silicon,https://www.globalsilicon.com,Semiconductors,GBR,,London,Marlow,1997-01-01,1997.0,1997-01,1997-Q1,1.0,10000000.0,2005-09-08,2005-09-08,1 High Street
Navarik,operating,/organization/navarik,https://www.navarik.com,Software,CAN,BC,Vancouver,Vancouver,,,,,1.0,1000000.0,2008-04-30,2008-04-30,200 Granville Street
Shoptimise,operating,/organization/shoptimise,http://www.shoptimise.fr,Curated Web,FRA,,Paris,Paris,2012-11-01,2012.0,2012-11,2012-Q4,2.0,5812206.0,2013-02-28,2014-03-31,12 Rue de la Paix
Ruckus,acquired,/organization/ruckus,http://www.ruckusnetwork.com,Games,,,,San Francisco,,,,,5.0,52200000.0,2004-06-01,2009-09-15,2001 Junipero Serra Blvd
Adeze,operating,/organization/adeze,http://www.adeze.com,Advertising,USA,CA,SF Bay Area,San Francisco,2005-01-01,2005.0,2005-01,2005-Q1,2.0,5500000.0,2006-06-21,2008-04-10,123 Market Street
Applicasa,operating,/organization/applicasa,http://www.applicasa.com,Mobile,ISR,,Netanya,Netanya,2011-07-01,2011.0,2011-07,2011-Q3,2.0,1000000.0,2011-07-01,2013-01-01,1 HaSharon Street
Cardback,operating,/organization/cardback,http://cardback.in,Mobile,IND,,New Delhi,New Delhi,2012-08-01,2012.0,2012-08,2012-Q3,1.0,170000.0,2014-06-27,2014-06-27,1 Connaught Place
Spikes Cavell & Co,operating,/organization/spikes-cavell-co,http://www.spikescavell.net,Analytics,GBR,,Newbury,Newbury,1991-01-01,1991.0,1991-01,1991-Q1,3.0,7966840.0,2007-07-06,2009-11-17,1-3 Newbury Business Park
SCS Group,operating,/organization/scs-group,http://www.groupscs.co.uk,Manufacturing,GBR,,London,London,1992-01-01,1992.0,1992-01,1992-Q1,1.0,159444.0,2012-03-01,2012-03-01,123 High Street
Londons Holiday Apartments,operating,/organization/londons-holiday-apartments,http://www.londonsholidayapartments.com,Real Estate,GBR,,London,London,2011-08-01,2011.0,2011-08,2011-Q3,1.0,163890.0,2011-08-01,2011-08-01,123 High Street
Empire Genomics,operating,/organization/empire-genomics,http://www.empiregenomics.com,Biotechnology,USA,NY,Buffalo,Buffalo,2006-01-01,2006.0,2006-01,2006-Q1,1.0,1000000.0,2014-07-02,2014-07-02,1001 Main Street
KODA,closed,/organization/koda,http://koda.us,Curated Web,USA,CA,SF Bay Area,San Francisco,2008-01-01,2008.0,2008-01,2008-Q1,2.0,4500000.0,2009-08-01,2010-02-24,123 Koda Way
Stackops,operating,/organization/stackops,http://www.stackops.com,Infrastructure,ESP,,Madrid,Madrid,2011-03-01,2011.0,2011-03,2011-Q1,1.0,457104.0,2011-10-28,2011-10-28,"Calle de Vallehermoso, 79"
